from,to,leave,arrive,time
品川,あざみ野,00:20,01:32,1時間12分
品川,いずみ中央,00:04,00:58,54分
品川,いずみ野,00:04,00:55,51分
品川,おもちゃのまち,21:32,23:37,2時間5分
品川,おゆみ野,22:45,23:57,1時間12分
品川,お台場海浜公園,00:14,00:43,29分
品川,お花茶屋,23:53,00:37,44分
品川,かしわ台,00:04,01:05,1時間1分
品川,くぬぎ山,23:47,00:56,1時間9分
品川,こどもの国,23:02,00:13,1時間11分
品川,さいたま新都心,00:11,01:14,1時間3分
品川,さがみ野,00:04,01:03,59分
品川,すずかけ台,23:56,01:05,1時間9分
品川,せんげん台,23:53,00:58,1時間5分
品川,たまプラーザ,00:20,01:29,1時間9分
品川,ちはら台,22:45,00:00,1時間15分
品川,つきのわ,22:25,23:51,1時間26分
品川,つきみ野,23:56,01:09,1時間13分
品川,つくし野,23:56,01:03,1時間7分
品川,つくば,23:56,01:40,1時間44分
品川,つつじヶ丘,00:03,00:56,53分
品川,とうきょうスカイツリー,00:01,00:42,41分
品川,ときわ台,00:10,00:53,43分
品川,はるひ野,00:10,01:13,1時間3分
品川,ひぐち,20:44,22:47,2時間3分
品川,ひたち野うしく,23:16,00:37,1時間21分
品川,ひばりヶ丘,00:03,01:02,59分
品川,ひろせ野鳥の森,21:42,23:06,1時間24分
品川,ふじみ野,00:03,01:13,1時間10分
品川,みずほ台,00:03,01:09,1時間6分
品川,みつわ台,22:56,00:11,1時間15分
品川,みどりの,23:16,00:34,1時間18分
品川,みどり台,23:07,00:15,1時間8分
品川,みなとみらい,00:10,00:51,41分
品川,みのり台,23:47,00:47,1時間0分
品川,みらい平,23:16,00:30,1時間14分
品川,めじろ台,23:39,00:49,1時間10分
品川,ゆめが丘,00:04,01:00,56分
品川,ゆめみ野,23:00,00:24,1時間24分
品川,ジヤトコ前,20:34,22:29,1時間55分品川,スポーツセンター,23:07,00:15,1時間8分
品川,センター北,00:20,01:49,1時間29分
品川,センター南,00:04,00:53,49分
品川,ソシオ流通センター,22:02,23:21,1時間19分
品川,テレコムセンター,00:14,00:48,34分
品川,ベイサイド･ステーション,23:08,23:59,51分
品川,モノレール浜松町,00:46,00:51,5分
品川,ユーカリが丘,23:43,00:51,1時間8分
品川,リゾートゲートウェイ･ステーション,00:04,00:55,51分
品川,一ノ割,23:53,01:02,1時間9分
品川,一之江,23:53,00:31,38分
品川,一本松,22:25,23:56,1時間31分
品川,一橋学園,23:15,00:25,1時間10分
品川,七井,19:38,22:15,2時間37分
品川,七光台,23:35,01:04,1時間29分
品川,七里,23:10,00:25,1時間15分
品川,七里ヶ浜,22:43,23:47,1時間4分
品川,万博記念公園,20:57,00:11,3時間14分
品川,万座・鹿沢口,19:06,22:08,3時間2分
品川,万願寺,23:02,00:11,1時間9分
品川,三つ峠,21:30,23:41,2時間11分
品川,三ツ境,00:04,00:50,46分
品川,三ツ沢上町,00:04,00:36,32分
品川,三ツ沢下町,00:04,00:34,30分
品川,三ノ輪,23:56,00:30,34分
品川,三ノ輪橋,23:56,00:37,41分
品川,三俣,20:29,23:08,2時間39分
品川,三咲,23:32,00:47,1時間15分
品川,三妻,22:06,23:45,1時間39分
品川,三峰口,19:10,22:04,2時間54分
品川,三島,22:54,23:39,45分
品川,三島二日町,22:18,23:27,1時間9分
品川,三島広小路,22:18,23:23,1時間5分
品川,三島田町,22:18,23:25,1時間7分
品川,三崎口,23:00,00:08,1時間8分
品川,三枚橋,21:04,23:18,2時間14分
品川,三河島,00:26,00:56,30分
品川,三浦海岸,23:32,00:40,1時間8分
品川,三田,00:46,00:58,12分
品川,三越前,00:11,00:32,21分
品川,三軒茶屋,00:38,01:23,45分
品川,三郷,23:47,01:04,1時間17分
品川,三郷中央,23:47,00:40,53分
品川,三門,22:28,00:28,2時間0分
品川,三鷹,00:38,01:21,43分
品川,三鷹台,00:10,00:59,49分
品川,上中里,00:28,00:58,30分
品川,上井草,00:10,01:08,58分
品川,上今市,20:32,22:48,2時間16分
品川,上北台,23:02,00:18,1時間16分
品川,上北沢,00:03,00:47,44分
品川,上大井,22:18,23:46,1時間28分
品川,上大岡,00:23,00:53,30分
品川,上大月,21:30,23:11,1時間41分
品川,上小川,20:45,23:31,2時間46分
品川,上尾,23:16,00:23,1時間7分
品川,上州一ノ宮,21:04,23:19,2時間15分
品川,上州七日市,21:04,23:16,2時間12分
品川,上州富岡,21:42,23:52,2時間10分
品川,上州新屋,21:42,23:43,2時間1分
品川,上州福島,21:42,23:46,2時間4分
品川,上強羅,17:04,19:14,2時間10分
品川,上星川,00:04,00:51,47分
品川,上本郷,23:47,00:44,57分
品川,上板橋,00:10,00:55,45分
品川,上毛高原,22:02,23:42,1時間40分
品川,上永谷,00:04,00:57,53分
品川,上泉,20:29,23:12,2時間43分
品川,上溝,22:52,00:32,1時間40分
品川,上熊谷,21:42,23:02,1時間20分
品川,上牧,21:30,00:28,2時間58分
品川,上町,00:38,01:28,50分
品川,上石神井,00:10,01:00,50分
品川,上神梅,18:39,21:47,3時間8分
品川,上福岡,00:03,01:16,1時間13分
品川,上総一ノ宮,22:28,00:14,1時間46分
品川,上総三又,21:36,23:09,1時間33分
品川,上総中川,18:33,21:28,2時間55分
品川,上総中野,17:33,20:34,3時間1分
品川,上総久保,19:50,21:49,1時間59分
品川,上総亀山,19:35,21:59,2時間24分
品川,上総大久保,18:20,20:42,2時間22分
品川,上総山田,21:36,23:12,1時間36分
品川,上総川間,19:50,21:43,1時間53分
品川,上総村上,21:36,23:01,1時間25分
品川,上総東,18:33,21:16,2時間43分
品川,上総松丘,21:47,23:59,2時間12分
品川,上総清川,21:10,22:42,1時間32分
品川,上総湊,22:32,00:16,1時間44分
品川,上総牛久,21:36,23:25,1時間49分
品川,上総興津,21:36,23:39,2時間3分
品川,上総鶴舞,19:50,21:46,1時間56分
品川,上菅谷,21:45,23:33,1時間48分
品川,上野,00:46,01:06,20分
品川,上野原,23:15,00:49,1時間34分
品川,上野広小路,00:46,01:11,25分
品川,上野御徒町,00:46,01:11,25分
品川,上野毛,00:18,00:54,36分
品川,上長瀞,21:14,23:26,2時間12分
品川,下丸子,00:18,00:46,28分
品川,下井草,00:20,01:26,1時間6分
品川,下仁田,21:04,23:36,2時間32分
品川,下今市,21:21,23:35,2時間14分
品川,下北沢,00:20,00:51,31分
品川,下吉田,21:29,23:50,2時間21分
品川,下土狩,22:18,23:26,1時間8分
品川,下妻,22:06,00:02,1時間56分
品川,下小代,19:38,22:29,2時間51分
品川,下小川,20:45,23:23,2時間38分
品川,下山口,22:32,23:44,1時間12分
品川,下新田,18:39,21:28,2時間49分
品川,下曽我,22:18,23:42,1時間24分
品川,下板橋,00:10,00:48,38分
品川,下永谷,00:04,00:54,50分
品川,下溝,22:52,00:25,1時間33分
品川,下神明,00:20,00:53,33分
品川,下総中山,00:26,01:10,44分
品川,下総松崎,22:55,00:26,1時間31分
品川,下総橘,22:24,01:28,3時間4分
品川,下総神崎,21:28,23:18,1時間50分
品川,下総豊里,22:24,01:14,2時間50分
品川,下菅谷,21:45,23:28,1時間43分
品川,下落合,00:10,00:51,41分
品川,下赤塚,00:10,00:59,49分
品川,下郡,21:10,23:07,1時間57分
品川,下野大沢,21:21,23:15,1時間54分
品川,下野宮,17:15,20:35,3時間20分
品川,下野花岡,21:21,23:05,1時間44分
品川,下飯田,00:04,00:49,45分
品川,下館,21:54,23:31,1時間37分
品川,下館二高前,20:44,22:40,1時間56分
品川,下高井戸,00:20,01:05,45分
品川,不動前,00:20,00:44,24分
品川,与野,00:11,01:12,1時間1分
品川,与野本町,23:24,00:17,53分
品川,世田谷,00:38,01:27,49分
品川,世田谷代田,00:20,01:04,44分
品川,世良田,21:09,23:27,2時間18分
品川,両国,00:26,00:50,24分
品川,並木中央,23:23,00:23,1時間0分
品川,並木北,23:23,00:21,58分
品川,中三依,17:35,20:50,3時間15分
品川,中之条,20:11,22:37,2時間26分
品川,中井,00:14,00:56,42分
品川,中央前橋,22:02,00:09,2時間7分
品川,中央大学・明星大学,23:05,00:21,1時間16分
品川,中央林間,23:56,01:11,1時間15分
品川,中妻,22:06,23:41,1時間35分
品川,中学校,23:07,00:29,1時間22分
品川,中山,00:10,01:28,1時間18分
品川,中川,00:04,00:57,53分
品川,中延,00:38,01:08,30分
品川,中強羅,17:04,19:12,2時間8分
品川,中村橋,00:20,01:22,1時間2分
品川,中板橋,00:10,00:52,42分
品川,中根,21:45,00:00,2時間15分
品川,中河原,00:03,01:00,57分
品川,中浦和,23:24,00:13,49分
品川,中田,00:04,00:44,40分
品川,中目黒,00:20,00:45,25分
品川,中神,23:48,00:51,1時間3分
品川,中舟生,20:45,23:19,2時間34分
品川,中菅谷,21:45,23:31,1時間46分
品川,中軽井沢,21:04,23:32,2時間28分
品川,中野,00:38,01:08,30分
品川,中野坂上,00:14,00:52,38分
品川,中野富士見町,23:56,00:40,44分
品川,中野島,23:43,00:29,46分
品川,中野新橋,23:56,00:39,43分
品川,丸山,23:00,00:20,1時間20分
品川,丸山下,20:41,23:14,2時間33分
品川,丹荘,21:04,22:56,1時間52分
品川,乃木坂,00:06,00:40,34分
品川,久が原,00:18,00:48,30分
品川,久下田,20:44,22:50,2時間6分
品川,久住,21:28,23:05,1時間37分
品川,久喜,23:10,00:28,1時間18分
品川,久地,00:04,00:44,40分
品川,久我原,17:33,20:23,2時間50分
品川,久我山,00:10,00:53,43分
品川,久留里,21:47,23:50,2時間3分
品川,久米川,00:10,01:17,1時間7分
品川,久里浜,00:02,01:06,1時間4分
品川,九品仏,00:18,00:50,32分
品川,九段下,00:01,00:28,27分
品川,九重,20:55,23:31,2時間36分
品川,亀戸,00:26,00:54,28分
品川,亀戸水神,23:29,00:07,38分
品川,亀有,00:04,01:10,1時間6分
品川,二俣尾,22:32,00:17,1時間45分
品川,二俣川,00:04,00:46,42分
品川,二俣新町,00:04,01:01,57分
品川,二和向台,23:32,00:49,1時間17分
品川,二子新地,00:20,00:59,39分
品川,二子玉川,00:20,00:56,36分
品川,二宮,00:04,01:08,1時間4分
品川,二重橋前,23:56,00:29,33分
品川,五井,23:07,00:26,1時間19分
品川,五反田,00:38,00:43,5分
品川,五反野,23:56,00:44,48分
品川,五月台,00:10,01:07,57分
品川,五百羅漢,22:54,23:39,45分
品川,五香,23:47,00:53,1時間6分
品川,井の頭公園,00:10,01:01,51分
品川,井土ヶ谷,00:04,00:36,32分
品川,井細田,22:54,23:36,42分
品川,井荻,00:10,01:06,56分
品川,井野,22:40,01:01,2時間21分
品川,京急久里浜,00:02,01:00,58分
品川,京急大津,23:46,00:41,55分
品川,京急富岡,00:04,00:47,43分
品川,京急川崎,00:42,01:06,24分
品川,京急新子安,00:42,01:09,27分
品川,京急田浦,23:32,00:22,50分
品川,京急蒲田,01:01,01:26,25分
品川,京急長沢,23:32,00:36,1時間4分
品川,京急鶴見,00:42,01:06,24分
品川,京成上野,00:46,01:20,34分
品川,京成中山,23:43,00:34,51分
品川,京成佐倉,23:43,00:59,1時間16分
品川,京成八幡,00:26,01:17,51分
品川,京成千葉,00:11,01:29,1時間18分
品川,京成大久保,23:29,00:23,54分
品川,京成大和田,23:29,00:30,1時間1分
品川,京成小岩,23:43,00:23,40分
品川,京成幕張,23:07,00:09,1時間2分
品川,京成幕張本郷,00:11,01:12,1時間1分
品川,京成成田,23:29,00:56,1時間27分
品川,京成曳舟,00:01,00:29,28分
品川,京成津田沼,23:53,00:48,55分
品川,京成稲毛,23:07,00:14,1時間7分
品川,京成立石,00:01,00:34,33分
品川,京成臼井,23:43,00:54,1時間11分
品川,京成船橋,00:26,01:22,56分
品川,京成西船,00:26,01:23,57分
品川,京成酒々井,23:29,00:49,1時間20分
品川,京成金町,00:04,01:17,1時間13分
品川,京成関屋,23:53,00:33,40分
品川,京成高砂,00:01,00:38,37分
品川,京橋,21:30,00:16,2時間46分
品川,京王よみうりランド,00:03,00:55,52分
品川,京王八王子,00:20,01:40,1時間20分
品川,京王堀之内,23:56,00:57,1時間1分
品川,京王多摩センター,00:10,01:21,1時間11分
品川,京王多摩川,00:03,00:51,48分
品川,京王永山,00:10,01:18,1時間8分
品川,京王片倉,23:39,00:46,1時間7分
品川,京王稲田堤,00:03,00:53,50分
品川,人形町,00:01,00:17,16分
品川,仁井田,21:21,23:08,1時間47分
品川,今井浜海岸,21:21,23:23,2時間2分
品川,今市,21:21,23:21,2時間0分
品川,今羽,23:00,00:13,1時間13分
品川,仏子,23:29,00:58,1時間29分
品川,仙川,00:03,00:54,51分
品川,代々木,00:38,00:57,19分
品川,代々木上原,00:20,00:48,28分
品川,代々木八幡,00:20,00:57,37分
品川,代々木公園,00:20,00:46,26分
品川,代官山,00:20,00:49,29分
品川,代田橋,00:20,01:01,41分
品川,仲ノ町,18:33,20:53,2時間20分
品川,仲御徒町,00:46,01:10,24分
品川,仲木戸,00:42,01:12,30分
品川,仲町台,00:04,00:50,46分
品川,伊勢佐木長者町,23:48,00:27,39分
品川,伊勢原,23:10,00:36,1時間26分
品川,伊勢崎,21:42,23:43,2時間1分
品川,伊奈中央,23:00,00:25,1時間25分
品川,伊東,22:18,23:28,1時間10分
品川,伊豆仁田,22:18,23:33,1時間15分
品川,伊豆北川,21:21,23:06,1時間45分
品川,伊豆多賀,22:18,23:13,55分
品川,伊豆大川,21:21,23:03,1時間42分
品川,伊豆急下田,21:21,23:40,2時間19分
品川,伊豆熱川,21:21,23:09,1時間48分
品川,伊豆稲取,21:21,23:19,1時間58分
品川,伊豆長岡,22:18,23:41,1時間23分
品川,伊豆高原,22:18,23:52,1時間34分
品川,住吉,23:53,00:20,27分
品川,佐久広瀬,18:31,22:16,3時間45分
品川,佐倉,23:07,00:23,1時間16分
品川,佐原,22:24,00:27,2時間3分
品川,佐和,21:45,23:41,1時間56分
品川,佐貫,23:16,00:29,1時間13分
品川,佐貫町,21:55,23:33,1時間38分
品川,佐野,21:54,23:38,1時間44分
品川,佐野のわたし,21:42,23:20,1時間38分
品川,佐野市,21:54,23:41,1時間47分
品川,作草部,23:07,00:09,1時間2分
品川,保土ヶ谷,23:59,00:26,27分
品川,保田,21:55,23:53,1時間58分
品川,保谷,00:03,00:59,56分
品川,信濃川上,18:31,22:10,3時間39分
品川,信濃町,00:14,00:52,38分
品川,信濃白鳥,19:00,21:56,2時間56分
品川,信濃追分,21:04,23:36,2時間32分
品川,修善寺,22:18,23:55,1時間37分
品川,俵田,21:10,23:15,2時間5分
品川,倉橋,21:38,23:54,2時間16分
品川,倉見,22:52,00:03,1時間11分
品川,倉賀野,23:16,01:31,2時間15分
品川,偕楽園,,,
品川,元住吉,00:20,01:09,49分
品川,元加治,23:29,01:00,1時間31分
品川,元山,23:47,00:54,1時間7分
品川,元町・中華街,00:10,00:57,47分
品川,光が丘,00:14,01:10,56分
品川,光風台,20:57,00:47,3時間50分
品川,児玉,21:04,23:01,1時間57分
品川,入地,22:15,23:23,1時間8分
品川,入山瀬,22:18,23:48,1時間30分
品川,入曽,23:28,00:48,1時間20分
品川,入生田,22:18,23:36,1時間18分
品川,入谷,23:56,00:28,32分
品川,入間市,23:29,00:54,1時間25分
品川,八丁堀,00:14,01:04,50分
品川,八丁畷,00:02,00:18,16分
品川,八千代中央,23:53,00:59,1時間6分
品川,八千代台,23:43,00:44,1時間1分
品川,八千代緑が丘,23:53,00:56,1時間3分
品川,八坂,23:15,00:22,1時間7分
品川,八幡宿,23:07,00:22,1時間15分
品川,八幡山,00:03,00:49,46分
品川,八広,00:01,00:30,29分
品川,八日市場,21:50,00:21,2時間31分
品川,八景島,23:14,00:18,1時間4分
品川,八木原,21:14,23:26,2時間12分
品川,八木崎,23:00,00:29,1時間29分
品川,八柱,23:47,00:48,1時間1分
品川,八潮,23:47,00:37,50分
品川,八王子,00:20,01:30,1時間10分
品川,八王子みなみ野,23:02,00:19,1時間17分
品川,八積,22:28,00:10,1時間42分
品川,八街,22:56,00:21,1時間25分
品川,公園,23:07,00:25,1時間18分
品川,公園上,17:04,19:10,2時間6分
品川,公園下,17:04,19:09,2時間5分
品川,公津の杜,23:29,00:53,1時間24分
品川,六会日大前,23:48,00:43,55分
品川,六実,23:29,00:30,1時間1分
品川,六本木,00:26,00:48,22分
品川,六本木一丁目,00:26,01:00,34分
品川,六浦,00:02,00:45,43分
品川,六町,23:47,00:33,46分
品川,六郷土手,00:06,00:24,18分
品川,内原,22:55,00:55,2時間0分
品川,内宿,23:00,00:29,1時間29分
品川,内幸町,00:46,01:07,21分
品川,函南,22:54,00:26,1時間32分
品川,分倍河原,00:03,00:56,53分
品川,初台,00:20,00:56,36分
品川,初富,23:32,00:53,1時間21分
品川,初狩,21:30,23:15,1時間45分
品川,初石,23:35,00:46,1時間11分
品川,前原,23:32,00:42,1時間10分
品川,前橋,22:09,01:05,2時間56分
品川,前橋大島,21:42,23:33,1時間51分
品川,剛志,21:09,23:34,2時間25分
品川,加茂宮,23:00,00:10,1時間10分
品川,加須,22:39,00:11,1時間32分
品川,動物公園,23:07,00:17,1時間10分
品川,勝どき,00:28,01:09,41分
品川,勝沼ぶどう郷,21:30,23:33,2時間3分
品川,勝浦,21:38,00:04,2時間26分
品川,勝田,22:55,01:15,2時間20分
品川,勝田台,23:53,01:07,1時間14分
品川,勿来,20:45,22:58,2時間13分
品川,北上尾,23:16,00:25,1時間9分
品川,北与野,23:24,00:19,55分
品川,北久里浜,00:02,00:57,55分
品川,北八王子,22:12,23:35,1時間23分
品川,北初富,23:32,00:45,1時間13分
品川,北千住,00:26,01:02,36分
品川,北千束,00:18,00:42,24分
品川,北原,20:41,23:21,2時間40分
品川,北参道,23:56,00:40,44分
品川,北品川,00:06,00:07,1分
品川,北国分,23:32,00:16,44分
品川,北坂戸,23:24,00:44,1時間20分
品川,北大宮,23:10,00:18,1時間8分
品川,北小金,23:56,01:04,1時間8分
品川,北山,21:30,00:03,2時間33分
品川,北山田,15:12,21:39,6時間27分
品川,北府中,00:20,01:40,1時間20分
品川,北戸田,23:24,00:19,55分
品川,北新横浜,00:04,00:46,42分
品川,北春日部,23:53,01:07,1時間14分
品川,北朝霞,00:03,01:06,1時間3分
品川,北本,23:16,00:33,1時間17分
品川,北松戸,23:56,00:58,1時間2分
品川,北柏,00:04,01:12,1時間8分
品川,北水海道,22:06,23:39,1時間33分
品川,北池袋,00:10,00:46,36分
品川,北浦和,00:11,01:10,59分
品川,北浦湖畔,19:54,22:29,2時間35分
品川,北真岡,19:38,21:59,2時間21分
品川,北綾瀬,23:35,00:26,51分
品川,北習志野,23:53,00:52,59分
品川,北茅ヶ崎,22:52,23:50,58分
品川,北藤岡,21:04,22:46,1時間42分
品川,北赤羽,00:28,01:26,58分
品川,北越谷,23:56,01:09,1時間13分
品川,北野,00:03,01:08,1時間5分
品川,北鎌倉,00:04,00:46,42分
品川,北高崎,21:42,23:15,1時間33分
品川,北鴻巣,23:16,00:41,1時間25分
品川,北鹿沼,19:38,22:19,2時間41分
品川,十二橋,20:28,22:46,2時間18分
品川,十国峠,22:18,00:43,2時間25分
品川,十島,20:34,23:19,2時間45分
品川,十日市場,00:10,01:33,1時間23分
品川,十条,00:11,01:06,55分
品川,十王,21:45,00:09,2時間24分
品川,千住大橋,23:53,00:31,38分
品川,千倉,20:55,23:37,2時間42分
品川,千城台,23:07,00:23,1時間16分
品川,千城台北,23:07,00:21,1時間14分
品川,千川,23:43,00:27,44分
品川,千平,21:04,23:29,2時間25分
品川,千歳,19:23,23:00,3時間37分
品川,千歳烏山,00:03,00:52,49分
品川,千歳船橋,00:10,01:00,50分
品川,千石,23:56,00:31,35分
品川,千葉,00:11,01:21,1時間10分
品川,千葉みなと,00:04,01:19,1時間15分
品川,千葉ニュータウン中央,23:32,00:37,1時間5分
品川,千葉中央,23:52,01:30,1時間38分
品川,千葉公園,23:07,00:08,1時間1分
品川,千葉寺,22:45,23:50,1時間5分
品川,千駄ヶ谷,00:26,00:59,33分
品川,千駄木,23:53,00:28,35分
品川,千鳥町,00:18,00:46,28分
品川,半蔵門,23:53,00:24,31分
品川,南万騎が原,00:04,00:49,45分
品川,南三原,18:53,21:34,2時間41分
品川,南与野,23:24,00:15,51分
品川,南中郷,21:15,23:46,2時間31分
品川,南伊東,22:18,23:34,1時間16分
品川,南千住,00:26,00:59,33分
品川,南古谷,23:28,00:52,1時間24分
品川,南多摩,23:15,00:27,1時間12分
品川,南大塚,23:28,00:57,1時間29分
品川,南大沢,23:56,00:59,1時間3分
品川,南太田,00:04,00:34,30分
品川,南宇都宮,21:32,23:51,2時間19分
品川,南守谷,23:00,00:17,1時間17分
品川,南平,23:56,00:56,1時間0分
品川,南御殿場,22:18,23:48,1時間30分
品川,南新宿,00:20,00:54,34分
品川,南林間,23:48,00:43,55分
品川,南柏,23:56,01:07,1時間11分
品川,南栗橋,23:21,00:49,1時間28分
品川,南桜井,23:07,00:29,1時間22分
品川,南橋本,22:52,00:36,1時間44分
品川,南流山,23:47,00:43,56分
品川,南浦和,00:11,01:05,54分
品川,南甲府,20:31,23:19,2時間48分
品川,南町田,23:56,01:06,1時間10分
品川,南石下,22:06,23:49,1時間43分
品川,南石井,17:15,20:49,3時間34分
品川,南砂町,00:01,00:33,32分
品川,南羽生,22:39,00:15,1時間36分
品川,南船橋,00:04,01:04,1時間0分
品川,南蛇井,21:04,23:26,2時間22分
品川,南行徳,00:01,00:42,41分
品川,南越谷,23:56,01:09,1時間13分
品川,南部市場,23:23,00:18,55分
品川,南酒々井,22:56,00:13,1時間17分
品川,南酒出,20:45,22:50,2時間5分
品川,南阿佐ヶ谷,23:53,00:33,40分
品川,南高崎,21:42,23:18,1時間36分
品川,南鳩ヶ谷,00:28,01:32,1時間4分
品川,博多,18:57,23:54,4時間57分
品川,印旛日本医大,23:32,00:45,1時間13分
品川,印西牧の原,23:32,00:41,1時間9分
品川,厚木,23:48,01:03,1時間15分
品川,原,21:37,00:14,2時間37分
品川,原向,18:39,22:33,3時間54分
品川,原宿,00:38,00:55,17分
品川,原市,23:00,00:16,1時間16分
品川,原当麻,22:52,00:27,1時間35分
品川,原木,22:18,23:36,1時間18分
品川,原木中山,23:53,00:39,46分
品川,参宮橋,00:20,00:55,35分
品川,友部,22:55,00:51,1時間56分
品川,反町,00:10,00:53,43分
品川,取手,23:56,01:05,1時間9分
品川,古河,23:10,00:42,1時間32分
品川,古淵,23:46,00:49,1時間3分
品川,古里,22:32,00:32,2時間0分
品川,台場,00:14,00:44,30分
品川,合戦場,20:32,22:31,1時間59分
品川,吉井,21:42,23:38,1時間56分
品川,吉原,22:18,23:31,1時間13分
品川,吉原本町,20:34,22:30,1時間56分
品川,吉川,23:29,00:57,1時間28分
品川,吉川美南,23:16,00:27,1時間11分
品川,吉水,21:54,23:51,1時間57分
品川,吉祥寺,00:38,01:18,40分
品川,吉野原,23:00,00:15,1時間15分
品川,吉野町,23:48,00:30,42分
品川,向ヶ丘遊園,00:10,00:59,49分
品川,向原,22:25,23:13,48分
品川,向河原,00:18,00:50,32分
品川,君ヶ浜,18:33,21:05,2時間32分
品川,君津,23:18,00:58,1時間40分
品川,吹上,23:16,00:45,1時間29分
品川,吾野,22:22,00:05,1時間43分
品川,和光市,00:03,00:57,54分
品川,和戸,22:56,00:12,1時間16分
品川,和泉多摩川,00:10,01:09,59分
品川,和田塚,23:02,23:57,55分
品川,和田河原,22:54,23:51,57分
品川,和田浦,18:33,21:31,2時間58分
品川,和田町,00:04,00:50,46分
品川,和銅黒谷,21:14,23:35,2時間21分
品川,品川,,,
品川,品川シーサイド,00:48,01:12,24分
品川,唐木田,00:10,01:20,1時間10分
品川,善光寺,20:31,23:15,2時間44分
品川,善行,23:48,00:40,52分
品川,喜多見,00:10,01:06,56分
品川,四ツ木,00:01,00:32,31分
品川,四ツ谷,00:14,00:50,36分
品川,四方津,23:15,00:54,1時間39分
品川,四街道,23:07,00:15,1時間8分
品川,四谷三丁目,00:06,00:34,28分
品川,国会議事堂前,00:06,00:26,20分
品川,国分寺,00:20,01:12,52分
品川,国吉,18:33,21:23,2時間50分
品川,国定,21:42,23:49,2時間7分
品川,国府台,00:04,01:01,57分
品川,国府津,00:04,01:13,1時間9分
品川,国母,20:31,23:24,2時間53分
品川,国立,00:20,01:17,57分
品川,国立競技場,00:26,00:53,27分
品川,国谷,21:32,23:34,2時間2分
品川,国道,22:52,23:17,25分
品川,国際展示場,00:14,00:59,45分
品川,国際展示場正門,00:14,00:52,38分
品川,国領,00:03,00:59,56分
品川,土合,17:52,20:59,3時間7分
品川,土呂,23:10,00:11,1時間1分
品川,土樽,17:52,21:07,3時間15分
品川,土気,23:07,00:22,1時間15分
品川,土浦,23:16,00:46,1時間30分
品川,地下鉄成増,23:43,00:39,56分
品川,地下鉄赤塚,00:10,01:05,55分
品川,地区センター,23:07,00:23,1時間16分
品川,坂戸,23:24,00:36,1時間12分
品川,城ヶ崎海岸,22:18,23:49,1時間31分
品川,城東,20:29,23:06,2時間37分
品川,城見ヶ丘,18:33,21:32,2時間59分
品川,堀ノ内,00:02,00:54,52分
品川,堀切,23:53,00:34,41分
品川,堀切菖蒲園,23:53,00:35,42分
品川,堀米,21:54,23:48,1時間54分
品川,塔ノ沢,21:51,23:12,1時間21分
品川,塚原,22:54,23:48,54分
品川,塚田,23:29,00:17,48分
品川,塩山,22:32,00:26,1時間54分
品川,境町,21:09,23:29,2時間20分
品川,増尾,23:16,00:28,1時間12分
品川,壬生,21:32,23:30,1時間58分
品川,外川,18:33,21:10,2時間37分
品川,外苑前,00:06,00:33,27分
品川,多々良,21:54,23:35,1時間41分
品川,多摩センター,00:10,01:24,1時間14分
品川,多摩動物公園,23:05,00:19,1時間14分
品川,多摩境,23:56,01:02,1時間6分
品川,多摩川,00:20,01:03,43分
品川,多田,20:57,00:33,3時間36分
品川,多田羅,19:38,22:21,2時間43分
品川,多磨,23:20,00:20,1時間0分
品川,多磨霊園,00:03,00:58,55分
品川,大久保,00:38,01:03,25分
品川,大井町,01:01,01:04,3分
品川,大井競馬場前,23:47,00:10,23分
品川,大仁,22:18,23:48,1時間30分
品川,大佐倉,23:29,00:47,1時間18分
品川,大倉山,00:18,01:07,49分
品川,大前,16:31,19:51,3時間20分
品川,大原,22:28,00:33,2時間5分
品川,大口,23:46,00:18,32分
品川,大和,00:04,00:56,52分
品川,大和田,23:10,00:23,1時間13分
品川,大場,22:18,23:31,1時間13分
品川,大塚,00:26,01:03,37分
品川,大塚・帝京大学,23:39,01:01,1時間22分
品川,大塚駅前,00:26,01:06,40分
品川,大多喜,21:20,22:59,1時間39分
品川,大宝,20:54,22:56,2時間2分
品川,大宮,00:11,01:17,1時間6分
品川,大宮公園,23:10,00:20,1時間10分
品川,大山,00:10,00:50,40分
品川,大山ケーブル,20:04,22:05,2時間1分
品川,大山寺,21:30,23:58,2時間28分
品川,大岡,22:18,23:22,1時間4分
品川,大岡山,00:20,00:51,31分
品川,大島,23:53,00:24,31分
品川,大崎,00:46,00:49,3分
品川,大崎広小路,00:38,01:03,25分
品川,大川,21:43,22:29,46分
品川,大師前,23:30,00:25,55分
品川,大平下,21:54,23:27,1時間33分
品川,大平台,21:51,23:24,1時間33分
品川,大戸,21:28,23:23,1時間55分
品川,大手町,00:46,01:15,29分
品川,大月,23:15,01:10,1時間55分
品川,大桑,20:32,22:51,2時間19分
品川,大森,01:01,01:06,5分
品川,大森台,22:45,23:53,1時間8分
品川,大森海岸,00:06,00:15,9分
品川,大森町,00:06,00:18,12分
品川,大泉学園,00:20,01:43,1時間23分
品川,大洋,19:54,22:35,2時間41分
品川,大洗,21:45,23:47,2時間2分
品川,大津港,21:15,23:57,2時間42分
品川,大甕,21:45,23:30,1時間45分
品川,大田郷,20:54,23:09,2時間15分
品川,大町,19:57,00:23,4時間26分
品川,大磯,00:04,01:03,59分
品川,大神宮下,23:53,00:43,50分
品川,大網,23:07,00:27,1時間20分
品川,大胡,20:41,23:25,2時間44分
品川,大船,00:10,01:09,59分
品川,大袋,23:53,00:56,1時間3分
品川,大谷向,20:32,22:46,2時間14分
品川,大貫,21:55,23:29,1時間34分
品川,大野原,21:14,23:39,2時間25分
品川,大金,21:21,23:19,1時間58分
品川,大門,00:46,01:00,14分
品川,大間々,18:39,21:38,2時間59分
品川,大雄山,22:54,23:54,1時間0分
品川,大鳥居,00:23,00:55,32分
品川,大麻生,21:42,23:09,1時間27分
品川,天台,23:07,00:11,1時間4分
品川,天王台,23:56,01:01,1時間5分
品川,天王宿,20:41,23:10,2時間29分
品川,天王洲アイル,00:07,00:24,17分
品川,天王町,00:04,00:46,42分
品川,天矢場,19:38,22:34,2時間56分
品川,天空橋,00:23,01:01,38分
品川,太東,22:28,00:22,1時間54分
品川,太海,18:33,21:19,2時間46分
品川,太田,22:13,01:17,3時間4分
品川,奥多摩,22:32,00:41,2時間9分
品川,奥沢,00:20,00:55,35分
品川,女子大,23:07,00:27,1時間20分
品川,妙典,00:01,00:47,46分
品川,妙蓮寺,00:10,00:58,48分
品川,姉ヶ崎,23:07,00:31,1時間24分
品川,姫宮,23:10,00:31,1時間21分
品川,子安,00:02,00:27,25分
品川,学園前,20:47,00:31,3時間44分
品川,学習院下,22:09,22:56,47分
品川,学芸大学,00:20,00:54,34分
品川,宇佐美,22:18,23:23,1時間5分
品川,宇都宮,23:10,01:25,2時間15分
品川,守谷,23:47,00:58,1時間11分
品川,安中,21:42,23:24,1時間42分
品川,安中榛名,21:42,23:10,1時間28分
品川,安善,22:52,23:24,32分
品川,安塚,21:32,23:40,2時間8分
品川,安房勝山,21:55,23:57,2時間2分
品川,安房天津,21:36,23:53,2時間17分
品川,安房小湊,21:36,23:48,2時間12分
品川,安房鴨川,21:42,00:32,2時間50分
品川,安針塚,23:32,00:25,53分
品川,安食,22:55,00:21,1時間26分
品川,宍戸,21:15,22:50,1時間35分
品川,宗吾参道,23:29,00:51,1時間22分
品川,宗道,22:06,23:58,1時間52分
品川,宝町,00:01,00:13,12分
品川,宝積寺,21:21,22:56,1時間35分
品川,実籾,23:29,00:25,56分
品川,宮の坂,00:10,01:03,53分
品川,宮ノ下,21:51,23:34,1時間43分
品川,宮ノ前,22:35,23:26,51分
品川,宮ノ平,22:32,00:11,1時間39分
品川,宮前平,00:20,01:07,47分
品川,宮原,23:16,00:18,1時間2分
品川,宮山,22:52,00:01,1時間9分
品川,宮崎台,00:20,01:05,45分
品川,宮脇,17:36,19:00,1時間24分
品川,家中,20:32,22:34,2時間2分
品川,宿河原,00:04,00:46,42分
品川,寄居,21:56,23:59,2時間3分
品川,富士,22:21,01:03,2時間42分
品川,富士フイルム前,22:54,23:53,59分
品川,富士宮,22:18,23:56,1時間38分
品川,富士山,22:42,01:13,2時間31分
品川,富士山下,20:41,23:12,2時間31分
品川,富士岡,22:18,23:44,1時間26分
品川,富士川,22:18,23:39,1時間21分
品川,富士急ハイランド,22:42,01:21,2時間39分
品川,富士根,22:18,23:51,1時間33分
品川,富士見ヶ丘,00:20,01:05,45分
品川,富士見台,00:03,00:59,56分
品川,富士見町,23:02,23:52,50分
品川,富戸,22:18,23:46,1時間28分
品川,富水,23:10,01:06,1時間56分
品川,富浦,21:55,00:06,2時間11分
品川,富田,21:30,00:24,2時間54分
品川,寒川,22:52,23:56,1時間4分
品川,寺内,20:44,22:55,2時間11分
品川,寺原,23:00,00:23,1時間23分
品川,寿,21:30,23:46,2時間16分
品川,小中,18:39,22:08,3時間29分
品川,小井川,20:31,23:30,2時間59分
品川,小伝馬町,23:53,00:21,28分
品川,小佐越,20:32,23:01,2時間29分
品川,小作,23:48,01:06,1時間18分
品川,小俣,21:54,00:00,2時間6分
品川,小倉台,23:07,00:19,1時間12分
品川,小前田,21:42,23:24,1時間42分
品川,小台,22:35,23:27,52分
品川,小塙,21:21,23:24,2時間3分
品川,小室,23:32,00:34,1時間2分
品川,小宮,22:12,23:32,1時間20分
品川,小山,23:10,00:57,1時間47分
品川,小岩,00:26,01:02,36分
品川,小島新田,23:46,00:12,26分
品川,小川,23:28,00:34,1時間6分
品川,小川町,00:14,00:59,45分
品川,小平,00:10,01:14,1時間4分
品川,小手指,00:03,01:19,1時間16分
品川,小木津,21:45,00:05,2時間20分
品川,小机,00:10,01:07,57分
品川,小村井,23:29,00:10,41分
品川,小林,20:57,00:28,3時間31分
品川,小櫃,21:47,23:41,1時間54分
品川,小泉町,21:21,23:25,2時間4分
品川,小涌谷,21:51,23:39,1時間48分
品川,小田原,00:04,01:21,1時間17分
品川,小田急多摩センター,00:10,01:18,1時間8分
品川,小田急永山,00:10,01:15,1時間5分
品川,小田急相模原,23:48,01:04,1時間16分
品川,小田林,21:54,23:14,1時間20分
品川,小田栄,22:19,22:48,29分
品川,小竹向原,23:43,00:30,47分
品川,小絹,23:16,00:42,1時間26分
品川,小菅,23:56,00:42,46分
品川,小見川,21:50,00:17,2時間27分
品川,小谷松,17:33,20:18,2時間45分
品川,小野上,20:11,22:25,2時間14分
品川,小野上温泉,20:11,22:28,2時間17分
品川,小金井,23:10,01:04,1時間54分
品川,小金城趾,23:00,00:22,1時間22分
品川,尻手,00:18,00:42,24分
品川,尾久,23:16,23:51,35分
品川,尾山台,00:18,00:51,33分
品川,屏風浦,00:04,00:43,39分
品川,山下,20:57,00:42,3時間45分
品川,山前,21:54,23:55,2時間1分
品川,山北,22:18,23:59,1時間41分
品川,山名,21:42,23:28,1時間46分
品川,山手,00:29,01:06,37分
品川,山方宿,20:45,23:15,2時間30分
品川,山梨市,22:32,00:31,1時間59分
品川,山田,17:13,23:25,6時間12分
品川,岡本,21:30,00:30,3時間0分
品川,岡部,23:16,01:12,1時間56分
品川,岩井,21:55,00:00,2時間5分
品川,岩原,22:54,23:46,52分
品川,岩原スキー場前,19:10,21:18,2時間8分
品川,岩宿,21:42,23:54,2時間12分
品川,岩島,20:11,22:52,2時間41分
品川,岩本,21:14,23:46,2時間32分
品川,岩本町,00:46,01:14,28分
品川,岩槻,23:10,00:29,1時間19分
品川,岩波,22:18,23:39,1時間21分
品川,岩瀬,21:15,23:12,1時間57分
品川,岩舟,21:54,23:32,1時間38分
品川,岩間,22:55,00:45,1時間50分
品川,岳南原田,20:34,22:35,2時間1分
品川,岳南富士岡,20:34,22:39,2時間5分
品川,岳南江尾,20:34,22:45,2時間11分
品川,岸根公園,00:10,00:58,48分
品川,巖根,23:07,00:44,1時間37分
品川,川井,22:32,00:29,1時間57分
品川,川俣,22:39,00:23,1時間44分
品川,川原湯温泉,20:11,22:59,2時間48分
品川,川口,00:11,00:56,45分
品川,川口元郷,00:28,01:30,1時間2分
品川,川和町,23:59,00:58,59分
品川,川奈,22:18,23:39,1時間21分
品川,川島,21:54,23:23,1時間29分
品川,川崎,00:42,00:56,14分
品川,川崎大師,23:46,00:08,22分
品川,川崎新町,22:19,22:46,27分
品川,川治温泉,17:35,20:36,3時間1分
品川,川治湯元,17:35,20:38,3時間3分
品川,川角,22:25,00:01,1時間36分
品川,川越,00:03,01:21,1時間18分
品川,川越市,00:03,01:23,1時間20分
品川,川間,23:07,00:32,1時間25分
品川,巣鴨,00:26,01:01,35分
品川,巣鴨新田,22:37,23:17,40分
品川,市が尾,00:20,01:41,1時間21分
品川,市ヶ谷,00:14,00:48,34分
品川,市城,20:11,22:32,2時間21分
品川,市場前,23:47,00:35,48分
品川,市塙,19:38,22:26,2時間48分
品川,市大医学部,23:14,00:20,1時間6分
品川,市川,00:26,01:05,39分
品川,市川塩浜,00:04,00:57,53分
品川,市川大野,23:32,00:30,58分
品川,市川本町,20:31,23:45,3時間14分
品川,市川真間,23:43,00:28,45分
品川,市役所前,17:42,22:06,4時間24分
品川,布佐,22:55,00:08,1時間13分
品川,布田,00:03,01:00,57分
品川,希望ヶ丘,00:04,00:48,44分
品川,常永,20:31,23:27,2時間56分
品川,常澄,21:45,23:42,1時間57分
品川,常盤平,23:47,00:50,1時間3分
品川,常陸多賀,23:00,01:45,2時間45分
品川,常陸大子,20:45,23:42,2時間57分
品川,常陸大宮,21:45,23:48,2時間3分
品川,常陸太田,20:45,23:01,2時間16分
品川,常陸津田,21:45,23:23,1時間38分
品川,常陸青柳,21:45,23:20,1時間35分
品川,常陸鴻巣,21:45,23:37,1時間52分
品川,幕張,00:11,01:12,1時間1分
品川,幕張本郷,00:11,01:09,58分
品川,幡ヶ谷,00:20,00:58,38分
品川,干潟,21:38,23:42,2時間4分
品川,平井,00:26,00:57,31分
品川,平和台,23:43,00:34,51分
品川,平和島,00:23,00:29,6分
品川,平塚,00:04,00:59,55分
品川,平山,21:47,23:53,2時間6分
品川,平山城址公園,23:56,00:58,1時間2分
品川,平沼橋,00:04,00:43,39分
品川,平滝,19:00,22:01,3時間1分
品川,平磯,21:15,23:28,2時間13分
品川,平間,00:18,00:48,30分
品川,幸手,23:21,00:44,1時間23分
品川,幸浦,23:14,00:26,1時間12分
品川,幸谷,23:56,01:08,1時間12分
品川,広尾,00:10,00:33,23分
品川,庚申塚,22:37,23:19,42分
品川,府中,00:10,01:33,1時間23分
品川,府中本町,23:15,00:24,1時間9分
品川,府中競馬正門前,20:50,21:56,1時間6分
品川,座間,23:48,01:09,1時間21分
品川,延方,20:28,22:55,2時間27分
品川,弁天橋,22:52,23:20,28分
品川,弘明寺,00:04,00:38,34分
品川,弥生台,00:04,00:53,49分
品川,強羅,21:51,23:45,1時間54分
品川,彫刻の森,21:51,23:42,1時間51分
品川,影森,20:50,23:14,2時間24分
品川,後台,21:45,23:26,1時間41分
品川,後楽園,00:06,00:31,25分
品川,後閑,21:14,23:57,2時間43分
品川,御代田,21:04,23:42,2時間38分
品川,御宿,21:38,23:56,2時間18分
品川,御岳山,16:00,18:36,2時間36分
品川,御嶽,22:32,00:25,1時間53分
品川,御嶽山,00:18,00:49,31分
品川,御徒町,00:46,01:04,18分
品川,御成門,00:06,00:29,23分
品川,御殿場,22:51,01:13,2時間22分
品川,御花畑,21:52,00:08,2時間16分
品川,御茶ノ水,00:14,00:40,26分
品川,徳宿,20:45,23:04,2時間19分
品川,心臓血管センター,20:29,23:16,2時間47分
品川,志久,23:00,00:23,1時間23分
品川,志木,00:03,01:04,1時間1分
品川,志村三丁目,00:28,01:34,1時間6分
品川,志村坂上,00:28,01:31,1時間3分
品川,志津,23:43,00:50,1時間7分
品川,志茂,23:53,00:38,45分
品川,思川,21:54,23:17,1時間23分
品川,恋ヶ窪,23:20,00:24,1時間4分
品川,恩田,23:02,00:09,1時間7分
品川,恵比寿,00:38,00:48,10分
品川,愛宕,23:35,00:59,1時間24分
品川,愛甲石田,23:10,00:32,1時間22分
品川,成城学園前,00:10,00:52,42分
品川,成増,00:10,01:02,52分
品川,成島,21:21,23:12,1時間51分
品川,成東,23:18,01:13,1時間55分
品川,成瀬,23:46,00:42,56分
品川,成田,23:29,01:03,1時間34分
品川,成田湯川,21:28,22:34,1時間6分
品川,成田空港,00:46,02:38,1時間52分
品川,我孫子,00:04,01:07,1時間3分
品川,戸塚,00:04,00:34,30分
品川,戸塚安行,00:28,01:53,1時間25分
品川,戸田,23:24,00:17,53分
品川,戸田公園,00:28,01:39,1時間11分
品川,戸越,00:38,01:05,27分
品川,戸越公園,00:20,00:51,31分
品川,戸越銀座,00:38,01:08,30分
品川,戸部,00:04,00:29,25分
品川,戸頭,23:00,00:19,1時間19分
品川,所沢,00:10,01:23,1時間13分
品川,扇大橋,00:04,00:46,42分
品川,扇町,21:30,00:17,2時間47分
品川,折原,21:14,23:19,2時間5分
品川,折本,20:44,22:43,1時間59分
品川,押上,00:01,00:27,26分
品川,拝島,23:48,00:56,1時間8分
品川,持田,22:02,23:23,1時間21分
品川,指扇,23:28,00:48,1時間20分
品川,整備場,23:40,00:07,27分
品川,敷島,21:14,23:36,2時間22分
品川,文挟,21:21,23:09,1時間48分
品川,新三河島,23:53,00:27,34分
品川,新三郷,23:16,00:25,1時間9分
品川,新中野,23:53,00:28,35分
品川,新丸子,00:20,01:05,45分
品川,新井宿,23:40,00:40,1時間0分
品川,新井薬師前,00:20,01:19,59分
品川,新代田,00:20,00:52,32分
品川,新伊勢崎,21:09,23:38,2時間29分
品川,新八柱,23:47,00:52,1時間5分
品川,新前橋,22:40,01:06,2時間26分
品川,新千葉,23:07,00:13,1時間6分
品川,新取手,23:00,00:25,1時間25分
品川,新古河,22:32,23:54,1時間22分
品川,新大久保,00:38,01:02,24分
品川,新大塚,00:06,00:36,30分
品川,新大平下,22:32,00:14,1時間42分
品川,新大津,00:02,00:56,54分
品川,新子安,00:42,01:04,22分
品川,新守谷,23:16,00:40,1時間24分
品川,新宿,00:38,01:00,22分
品川,新宿三丁目,00:06,00:37,31分
品川,新宿御苑前,00:06,00:36,30分
品川,新宿西口,00:38,01:12,34分
品川,新富士,22:21,00:57,2時間36分
品川,新富町,00:04,00:28,24分
品川,新小岩,00:26,00:59,33分
品川,新小平,23:28,00:35,1時間7分
品川,新小金井,23:20,00:17,57分
品川,新屋,18:59,23:31,4時間32分
品川,新川,19:23,00:08,4時間45分
品川,新川崎,00:18,00:55,37分
品川,新庚申塚,23:56,00:45,49分
品川,新座,23:53,00:59,1時間6分
品川,新御徒町,00:14,00:52,38分
品川,新御茶ノ水,00:14,00:48,34分
品川,新所沢,00:10,01:28,1時間18分
品川,新整備場,23:46,00:13,27分
品川,新日本橋,00:11,00:43,32分
品川,新木,22:55,00:05,1時間10分
品川,新木場,00:04,00:38,34分
品川,新杉田,00:10,00:56,46分
品川,新松戸,23:56,01:02,1時間6分
品川,新松田,23:10,00:57,1時間47分
品川,新板橋,00:11,01:15,1時間4分
品川,新柏,23:16,00:26,1時間10分
品川,新柴又,23:43,00:38,55分
品川,新栃木,22:32,00:22,1時間50分
品川,新桐生,21:04,23:32,2時間28分
品川,新桜台,23:34,00:27,53分
品川,新検見川,00:11,01:14,1時間3分
品川,新横浜,00:04,00:43,39分
品川,新橋,00:46,00:54,8分
品川,新江古田,00:14,01:01,47分
品川,新河岸,00:03,01:19,1時間16分
品川,新治,21:15,23:20,2時間5分
品川,新津田沼,00:26,01:28,1時間2分
品川,新浦安,00:04,00:54,50分
品川,新狭山,23:28,00:54,1時間26分
品川,新田,23:56,01:00,1時間4分
品川,新田野,18:33,21:20,2時間47分
品川,新町,23:16,01:25,2時間9分
品川,新白岡,23:10,00:24,1時間14分
品川,新百合ヶ丘,00:10,01:05,55分
品川,新秋津,00:03,01:17,1時間14分
品川,新羽,00:04,00:47,43分
品川,新習志野,00:04,01:07,1時間3分
品川,新船橋,23:29,00:15,46分
品川,新芝浦,21:44,22:19,35分
品川,新茂原,22:45,00:20,1時間35分
品川,新蒲原,22:18,23:42,1時間24分
品川,新藤原,19:32,22:21,2時間49分
品川,新豊洲,00:28,01:11,43分
品川,新越谷,23:56,01:04,1時間8分
品川,新逗子,00:04,01:02,58分
品川,新郷,17:01,22:45,5時間44分
品川,新里,20:41,23:13,2時間32分
品川,新鉾田,20:45,23:10,2時間25分
品川,新鎌ヶ谷,00:11,01:45,1時間34分
品川,新馬場,00:06,00:09,3分
品川,新高円寺,23:53,00:31,38分
品川,新高島,00:10,00:50,40分
品川,新高島平,23:40,00:38,58分
品川,新高徳,20:32,22:56,2時間24分
品川,新鹿沼,20:32,22:26,1時間54分
品川,方南町,23:43,00:33,50分
品川,旗の台,00:20,00:43,23分
品川,日の出,17:52,23:29,5時間37分
品川,日ノ出町,00:04,00:31,27分
品川,日光,21:21,23:29,2時間8分
品川,日吉,00:18,01:01,43分
品川,日吉本町,23:59,00:42,43分
品川,日向,22:56,00:27,1時間31分
品川,日向和田,22:32,00:13,1時間41分
品川,日工前,21:45,23:52,2時間7分
品川,日暮里,00:28,00:52,24分
品川,日本大通り,00:10,00:55,45分
品川,日本橋,00:11,00:30,19分
品川,日比谷,00:46,01:05,19分
品川,日立,23:00,02:02,3時間2分
品川,日進,23:28,00:42,1時間14分
品川,日野,00:20,01:23,1時間3分
品川,早川,23:02,00:21,1時間19分
品川,早稲田,00:01,00:35,34分
品川,早雲山,17:04,19:17,2時間13分
品川,旭,21:38,23:47,2時間9分
品川,明大前,00:20,00:55,35分
品川,明戸,21:42,23:12,1時間30分
品川,明治神宮前,00:38,01:01,23分
品川,明神,19:38,22:32,2時間54分
品川,明覚,20:54,22:41,1時間47分
品川,星川,00:04,00:48,44分
品川,春日,00:06,00:40,34分
品川,春日居町,21:30,23:48,2時間18分
品川,春日部,23:53,01:05,1時間12分
品川,昭和,22:52,23:30,38分
品川,昭和島,23:40,00:05,25分
品川,昭島,23:48,00:53,1時間5分
品川,是政,23:20,00:27,1時間7分
品川,曙橋,23:56,00:36,40分
品川,曳舟,00:01,00:38,37分
品川,月島,00:26,00:50,24分
品川,月崎,18:20,20:37,2時間17分
品川,月江寺,21:29,23:53,2時間24分
品川,有明,00:14,00:53,39分
品川,有明テニスの森,23:47,00:37,50分
品川,有楽町,00:46,00:56,10分
品川,朝霞,00:03,00:59,56分
品川,朝霞台,00:03,01:02,59分
品川,木下,22:55,00:12,1時間17分
品川,木場,00:01,00:29,28分
品川,木崎,21:09,23:23,2時間14分
品川,木更津,23:40,00:55,1時間15分
品川,末広町,00:14,00:36,22分
品川,本中野,21:21,23:17,1時間56分
品川,本八幡,00:26,01:08,42分
品川,本千葉,23:07,00:02,55分
品川,本厚木,23:48,01:05,1時間17分
品川,本吉原,20:34,22:32,1時間58分
品川,本宿,21:37,23:50,2時間13分
品川,本川越,00:03,01:32,1時間29分
品川,本庄,23:16,01:17,2時間1分
品川,本庄早稲田,22:39,23:48,1時間9分
品川,本所吾妻橋,00:01,00:25,24分
品川,本納,22:45,00:16,1時間31分
品川,本蓮沼,23:47,00:34,47分
品川,本郷三丁目,00:06,00:30,24分
品川,本郷台,00:10,01:05,55分
品川,本銚子,18:33,20:57,2時間24分
品川,本駒込,23:53,00:27,34分
品川,本鵠沼,00:04,00:54,50分
品川,杉戸高野台,23:21,00:42,1時間21分
品川,杉田,00:10,01:09,59分
品川,村上,23:53,01:01,1時間8分
品川,来宮,22:18,23:08,50分
品川,東あずま,23:29,00:09,40分
品川,東中山,23:43,00:35,52分
品川,東中神,23:48,00:49,1時間1分
品川,東中野,00:38,01:05,27分
品川,東久留米,00:03,01:04,1時間1分
品川,東京,00:46,00:58,12分
品川,東京テレポート,00:14,00:53,39分
品川,東京ディズニーシー･ステーション,23:08,00:04,56分
品川,東京ディズニーランド･ステーション,23:08,23:57,49分
品川,東伏見,00:10,01:04,54分
品川,東北沢,00:20,01:01,41分
品川,東十条,00:28,01:03,35分
品川,東千葉,23:07,00:07,1時間0分
品川,東向島,23:53,00:30,37分
品川,東吾野,22:22,00:00,1時間38分
品川,東大前,23:53,00:26,33分
品川,東大和市,23:53,01:27,1時間34分
品川,東大宮,23:10,00:13,1時間3分
品川,東大島,23:53,00:26,33分
品川,東宮原,23:00,00:12,1時間12分
品川,東富岡,21:42,23:50,2時間8分
品川,東小泉,21:21,23:23,2時間2分
品川,東小金井,00:20,01:06,46分
品川,東尾久三丁目,22:35,23:22,47分
品川,東山北,22:18,23:55,1時間37分
品川,東山梨,21:30,23:42,2時間12分
品川,東山田,00:18,01:40,1時間22分
品川,東岩槻,23:00,00:25,1時間25分
品川,東川口,00:28,02:01,1時間33分
品川,東府中,00:03,00:59,56分
品川,東成田,21:47,23:15,1時間28分
品川,東我孫子,22:55,23:58,1時間3分
品川,東戸塚,23:59,00:31,32分
品川,東所沢,23:53,01:03,1時間10分
品川,東新宿,23:56,00:36,40分
品川,東新川,18:17,23:28,5時間11分
品川,東日本橋,00:01,00:18,17分
品川,東村山,00:10,01:19,1時間9分
品川,東松原,00:20,00:54,34分
品川,東松山,23:24,00:44,1時間20分
品川,東松戸,23:32,00:20,48分
品川,東林間,23:48,00:47,59分
品川,東桂,21:30,23:37,2時間7分
品川,東横田,21:10,22:58,1時間48分
品川,東武ワールドスクウェア,15:30,18:05,2時間35分
品川,東武動物公園,23:21,00:38,1時間17分
品川,東武和泉,21:54,23:43,1時間49分
品川,東武宇都宮,22:13,01:09,2時間56分
品川,東武日光,21:21,23:36,2時間15分
品川,東武竹沢,21:56,23:47,1時間51分
品川,東武練馬,00:10,00:57,47分
品川,東武金崎,20:32,22:38,2時間6分
品川,東毛呂,22:25,00:06,1時間41分
品川,東水戸,21:45,23:37,1時間52分
品川,東池袋,00:00,00:38,38分
品川,東池袋四丁目,00:00,00:43,43分
品川,東浦和,00:28,02:01,1時間33分
品川,東浪見,22:28,00:19,1時間51分
品川,東海,21:45,23:24,1時間39分
品川,東海大学前,23:10,00:42,1時間32分
品川,東海神,23:53,00:45,52分
品川,東清川,21:10,22:46,1時間36分
品川,東田子の浦,22:18,23:27,1時間9分
品川,東白楽,00:10,00:54,44分
品川,東神奈川,00:42,01:07,25分
品川,東福生,22:12,23:42,1時間30分
品川,東秋留,23:02,00:23,1時間21分
品川,東結城,21:54,23:20,1時間26分
品川,東総元,17:33,20:21,2時間48分
品川,東船橋,00:26,01:18,52分
品川,東花輪,20:31,23:33,3時間2分
品川,東葉勝田台,23:53,01:04,1時間11分
品川,東行田,22:02,23:27,1時間25分
品川,東逗子,23:40,00:34,54分
品川,東金,23:18,00:57,1時間39分
品川,東銀座,00:28,01:03,35分
品川,東長崎,00:03,00:49,46分
品川,東門前,23:46,00:09,23分
品川,東陽町,00:01,00:30,29分
品川,東雲,00:14,01:36,1時間22分
品川,東青梅,23:48,01:11,1時間23分
品川,東飯能,22:22,23:46,1時間24分
品川,東館,17:15,20:45,3時間30分
品川,東高円寺,23:53,00:29,36分
品川,東鷲宮,23:10,00:31,1時間21分
品川,松が谷,23:05,00:25,1時間20分
品川,松久,21:04,23:06,2時間2分
品川,松井田,21:42,23:36,1時間54分
品川,松原,00:10,00:59,49分
品川,松尾,22:56,00:39,1時間43分
品川,松岸,21:38,00:04,2時間26分
品川,松戸,00:26,01:10,44分
品川,松戸新田,23:47,00:45,58分
品川,松田,23:10,01:01,1時間51分
品川,松陰神社前,00:38,01:26,48分
品川,松飛台,23:32,00:22,50分
品川,板倉東洋大前,22:32,00:01,1時間29分
品川,板橋,00:11,01:08,57分
品川,板橋区役所前,23:47,00:30,43分
品川,板橋本町,23:47,00:33,46分
品川,板荷,19:38,22:24,2時間46分
品川,柏,00:04,01:03,59分
品川,柏たなか,23:47,00:54,1時間7分
品川,柏の葉キャンパス,23:47,00:51,1時間4分
品川,柚木,22:18,23:41,1時間23分
品川,柳小路,23:02,23:52,50分
品川,柳瀬川,00:03,01:07,1時間4分
品川,柳生,22:32,23:58,1時間26分
品川,柴又,23:20,00:07,47分
品川,柴崎,00:03,00:57,54分
品川,柴崎体育館,23:02,00:06,1時間4分
品川,柿生,00:10,01:08,58分
品川,栃木,22:32,00:19,1時間47分
品川,栄町,21:37,23:55,2時間18分
品川,栗平,00:10,01:09,59分
品川,栗橋,23:10,00:36,1時間26分
品川,栢山,23:10,01:04,1時間54分
品川,根小屋,21:42,23:23,1時間41分
品川,根岸,00:29,01:08,39分
品川,根府川,23:02,00:26,1時間24分
品川,根津,23:53,00:25,32分
品川,桐生,22:13,01:46,3時間33分
品川,桐生球場前,20:41,23:08,2時間27分
品川,桜ヶ丘,23:48,00:52,1時間4分
品川,桜上水,00:20,01:07,47分
品川,桜台,00:03,00:53,50分
品川,桜新町,00:20,00:51,31分
品川,桜木,23:07,00:17,1時間10分
品川,桜木町,00:42,01:13,31分
品川,桜沢,21:42,23:26,1時間44分
品川,桜田門,00:00,00:23,23分
品川,桜街道,23:02,00:16,1時間14分
品川,桶川,23:16,00:28,1時間12分
品川,梁川,20:32,23:41,3時間9分
品川,梅ヶ丘,00:20,01:06,46分
品川,梅屋敷,00:06,00:19,13分
品川,梅島,23:56,00:46,50分
品川,梅郷,23:35,00:54,1時間19分
品川,梶が谷,00:20,01:03,43分
品川,梶原,22:46,23:26,40分
品川,森下,00:14,00:58,44分
品川,森宮野原,19:10,22:20,3時間10分
品川,森林公園,23:24,00:47,1時間23分
品川,植田,21:37,00:13,2時間36分
品川,椎名町,00:03,00:47,44分
品川,椎柴,21:28,00:05,2時間37分
品川,検見川,23:07,00:11,1時間4分
品川,検見川浜,00:04,01:13,1時間9分
品川,楡木,20:32,22:43,2時間11分
品川,極楽寺,23:02,00:02,1時間0分
品川,榎戸,22:56,00:17,1時間21分
品川,樅山,20:32,22:46,2時間14分
品川,樋口,21:14,23:17,2時間3分
品川,樋越,20:41,23:23,2時間42分
品川,横倉,19:00,22:04,3時間4分
品川,横川,19:57,00:10,4時間13分
品川,横浜,00:42,01:10,28分
品川,横瀬,21:52,23:54,2時間2分
品川,横田,21:10,22:52,1時間42分
品川,横芝,22:56,00:43,1時間47分
品川,横須賀,23:40,00:41,1時間1分
品川,横須賀中央,00:02,00:51,49分
品川,橋本,23:56,01:05,1時間9分
品川,正丸,21:52,23:44,1時間52分
品川,武川,21:42,23:15,1時間33分
品川,武州中川,19:10,21:54,2時間44分
品川,武州唐沢,22:25,00:08,1時間43分
品川,武州日野,19:10,21:57,2時間47分
品川,武州荒木,21:21,23:19,1時間58分
品川,武州長瀬,22:25,00:03,1時間38分
品川,武蔵中原,00:18,00:54,36分
品川,武蔵五日市,23:02,00:34,1時間32分
品川,武蔵境,00:20,01:04,44分
品川,武蔵増戸,23:02,00:31,1時間29分
品川,武蔵大和,23:15,00:25,1時間10分
品川,武蔵小山,00:20,00:46,26分
品川,武蔵小杉,00:20,01:06,46分
品川,武蔵小金井,00:20,01:09,49分
品川,武蔵嵐山,22:25,23:53,1時間28分
品川,武蔵引田,23:02,00:28,1時間26分
品川,武蔵新城,00:04,00:38,34分
品川,武蔵新田,00:18,00:45,27分
品川,武蔵横手,22:22,23:55,1時間33分
品川,武蔵浦和,23:46,00:49,1時間3分
品川,武蔵溝ノ口,00:20,01:05,45分
品川,武蔵白石,22:52,23:25,33分
品川,武蔵砂川,23:28,00:43,1時間15分
品川,武蔵藤沢,23:29,00:49,1時間20分
品川,武蔵野台,00:03,00:56,53分
品川,武蔵関,00:20,01:29,1時間9分
品川,武蔵高萩,22:55,00:26,1時間31分
品川,武里,23:53,01:00,1時間7分
品川,殿山,21:15,23:26,2時間11分
品川,比奈,20:34,22:37,2時間3分
品川,毛呂,20:31,22:31,2時間0分
品川,氏家,21:21,23:02,1時間41分
品川,水上,21:14,00:09,2時間55分
品川,水天宮前,00:06,00:35,29分
品川,水戸,23:29,01:59,2時間30分
品川,水沼,18:39,21:55,3時間16分
品川,水海道,23:16,00:47,1時間31分
品川,水道橋,00:14,00:45,31分
品川,水郷,21:28,23:39,2時間11分
品川,氷川台,23:43,00:32,49分
品川,永田,22:45,00:13,1時間28分
品川,永田町,00:06,00:34,28分
品川,永福町,00:20,00:58,38分
品川,求名,21:04,22:39,1時間35分
品川,汐入,00:02,00:50,48分
品川,汐留,00:28,01:00,32分
品川,江ノ島,00:04,01:10,1時間6分
品川,江北,00:04,00:49,45分
品川,江古田,00:10,01:17,1時間7分
品川,江戸川,23:43,00:25,42分
品川,江戸川台,23:35,00:48,1時間13分
品川,江戸川橋,00:00,00:34,34分
品川,江曽島,21:32,23:48,2時間16分
品川,江木,20:29,23:18,2時間49分
品川,江田,00:20,01:34,1時間14分
品川,江見,18:33,21:25,2時間52分
品川,池ノ上,00:20,00:49,29分
品川,池上,00:18,00:44,26分
品川,池尻大橋,00:38,01:16,38分
品川,池袋,00:38,01:09,31分
品川,沢井,22:32,00:22,1時間50分
品川,沢入,18:39,22:24,3時間45分
品川,河口湖,22:42,01:18,2時間36分
品川,河合,20:45,22:56,2時間11分
品川,河津,21:21,23:25,2時間4分
品川,河辺,23:48,01:09,1時間21分
品川,治良門橋,21:04,23:21,2時間17分
品川,沼久保,20:34,23:03,2時間29分
品川,沼南,23:00,00:18,1時間18分
品川,沼津,22:54,23:52,58分
品川,沼田,21:14,23:52,2時間38分
品川,沼袋,00:10,00:57,47分
品川,沼部,00:18,00:49,31分
品川,泉,20:45,23:07,2時間22分
品川,泉体育館,23:02,00:11,1時間9分
品川,泉岳寺,00:01,00:03,2分
品川,波久礼,21:14,23:12,1時間58分
品川,洋光台,00:10,01:00,50分
品川,洗足,00:20,00:49,29分
品川,洗足池,00:20,00:46,26分
品川,津久井浜,23:32,00:37,1時間5分
品川,津久田,21:14,23:40,2時間26分
品川,津田山,00:04,00:42,38分
品川,津田沼,00:26,01:20,54分
品川,流山,23:00,00:28,1時間28分
品川,流山おおたかの森,23:47,00:48,1時間1分
品川,流山セントラルパーク,23:47,00:46,59分
品川,流通センター,23:47,00:12,25分
品川,浅草,00:01,00:23,22分
品川,浅草橋,00:26,00:48,22分
品川,浅野,22:52,23:22,30分
品川,浜川崎,23:34,00:28,54分
品川,浜松町,00:46,00:51,5分
品川,浜田山,00:20,01:01,41分
品川,浜町,23:53,00:15,22分
品川,浜野,23:07,00:19,1時間12分
品川,浜金谷,21:55,23:49,1時間54分
品川,浦和,00:11,01:08,57分
品川,浦和美園,23:40,00:49,1時間9分
品川,浦安,00:01,00:40,39分
品川,浦山口,19:10,21:50,2時間40分
品川,浦賀,23:46,00:46,1時間0分
品川,浪花,21:38,23:51,2時間13分
品川,浮間舟渡,00:28,01:31,1時間3分
品川,海の公園南口,23:14,00:15,1時間1分
品川,海の公園柴口,23:14,00:16,1時間2分
品川,海士有木,21:36,23:06,1時間30分
品川,海浜幕張,00:04,01:11,1時間7分
品川,海神,23:43,00:38,55分
品川,海老名,00:04,01:09,1時間5分
品川,海芝浦,21:44,22:21,37分
品川,海鹿島,18:33,21:03,2時間30分
品川,涸沼,20:45,22:54,2時間9分
品川,淡路町,00:06,00:26,20分
品川,深谷,23:16,01:07,1時間51分
品川,淵野辺,23:46,00:52,1時間6分
品川,清水公園,23:35,01:01,1時間26分
品川,清滝,23:39,01:06,1時間27分
品川,清澄白河,00:26,00:55,29分
品川,清瀬,00:03,01:07,1時間4分
品川,渋川,21:14,23:30,2時間16分
品川,渋沢,23:10,00:51,1時間41分
品川,渋谷,00:38,00:52,14分
品川,渡瀬,21:54,23:32,1時間38分
品川,港南中央,00:02,00:47,45分
品川,港南台,00:10,01:02,52分
品川,港町,23:46,00:05,19分
品川,湖北,22:55,00:01,1時間6分
品川,湘南台,00:04,00:52,48分
品川,湘南江の島,00:04,01:13,1時間9分
品川,湘南海岸公園,23:02,23:56,54分
品川,湘南深沢,23:02,23:55,53分
品川,湘南町屋,23:02,23:54,52分
品川,湯島,23:53,00:23,30分
品川,湯檜曽,17:52,20:54,3時間2分
品川,湯河原,23:02,00:35,1時間33分
品川,湯西川温泉,17:35,20:43,3時間8分
品川,源道寺,22:18,23:54,1時間36分
品川,溜池山王,00:26,00:58,32分
品川,溝の口,00:20,01:01,41分
品川,滑河,21:28,23:12,1時間44分
品川,滝,21:21,23:28,2時間7分
品川,滝不動,23:32,00:46,1時間14分
品川,滝本,16:00,18:21,2時間21分
品川,滝野川一丁目,22:37,23:22,45分
品川,潮来,20:28,22:50,2時間22分
品川,潮見,00:04,00:42,38分
品川,瀬谷,00:04,00:53,49分
品川,烏山,21:21,23:33,2時間12分
品川,熊川,23:02,00:19,1時間17分
品川,熊谷,23:16,00:53,1時間37分
品川,熊野前,00:04,00:50,46分
品川,熱海,23:02,00:42,1時間40分
品川,片倉,23:39,01:02,1時間23分
品川,片倉町,00:04,00:39,35分
品川,片岡,21:21,23:11,1時間50分
品川,片浜,22:18,23:20,1時間2分
品川,片瀬山,23:02,00:01,59分
品川,片瀬江ノ島,00:04,00:59,55分
品川,片瀬白田,21:21,23:14,1時間53分
品川,片貝,20:29,23:10,2時間41分
品川,牛久,23:16,00:33,1時間17分
品川,牛浜,23:48,00:59,1時間11分
品川,牛田,23:53,00:36,43分
品川,牛込柳町,23:56,00:40,44分
品川,牛込神楽坂,23:56,00:42,46分
品川,牧之郷,22:18,23:52,1時間34分
品川,物井,23:07,00:19,1時間12分
品川,犬吠,18:33,21:08,2時間35分
品川,狛江,00:10,01:08,58分
品川,狭山ヶ丘,23:29,00:47,1時間18分
品川,狭山市,23:28,00:51,1時間23分
品川,狭間,23:39,00:51,1時間12分
品川,猿橋,23:15,01:06,1時間51分
品川,猿田,21:38,23:58,2時間20分
品川,獨協大学前,23:56,00:58,1時間2分
品川,玉川上水,23:28,00:40,1時間12分
品川,玉川学園前,00:10,01:13,1時間3分
品川,玉川村,20:45,23:07,2時間22分
品川,玉戸,21:54,23:26,1時間32分
品川,玉村,22:06,23:55,1時間49分
品川,玉淀,21:56,23:58,2時間2分
品川,王子,00:28,01:00,32分
品川,王子神谷,00:28,01:21,53分
品川,王子駅前,00:28,01:04,36分
品川,瑞江,23:53,00:34,41分
品川,瓜連,21:45,23:40,1時間55分
品川,生田,00:10,01:04,54分
品川,生麦,00:02,00:24,22分
品川,産業振興センター,23:14,00:24,1時間10分
品川,産業道路,23:46,00:11,25分
品川,用土,21:04,23:09,2時間5分
品川,用賀,00:20,00:54,34分
品川,田京,22:18,23:45,1時間27分
品川,田原町,23:56,00:27,31分
品川,田園調布,00:20,01:01,41分
品川,田奈,00:10,01:13,1時間3分
品川,田島,21:54,23:37,1時間43分
品川,田沼,21:54,23:55,2時間1分
品川,田浦,23:40,00:38,58分
品川,田無,00:20,01:41,1時間21分
品川,田町,00:46,00:49,3分
品川,田端,00:28,00:56,28分
品川,田野倉,21:30,23:15,1時間45分
品川,由比,22:18,23:48,1時間30分
品川,由比ヶ浜,23:02,23:58,56分
品川,甲州街道,23:02,00:09,1時間7分
品川,甲府,22:32,00:40,2時間8分
品川,甲斐上野,20:31,23:40,3時間9分
品川,甲斐住吉,20:31,23:21,2時間50分
品川,甲斐大和,21:30,23:27,1時間57分
品川,男衾,21:56,23:52,1時間56分
品川,町屋,23:56,00:32,36分
品川,町屋二丁目,22:35,23:21,46分
品川,町屋駅前,23:56,00:37,41分
品川,町田,00:10,01:16,1時間6分
品川,番田,22:52,00:30,1時間38分
品川,登戸,00:10,00:57,47分
品川,白丸,22:32,00:38,2時間6分
品川,白久,19:10,22:01,2時間51分
品川,白井,23:32,00:32,1時間0分
品川,白山,23:56,00:29,33分
品川,白岡,23:10,00:21,1時間11分
品川,白楽,00:10,00:56,46分
品川,白糸台,00:03,01:06,1時間3分
品川,白金台,00:14,00:39,25分
品川,白金高輪,00:14,00:36,22分
品川,百合ヶ丘,00:10,01:08,58分
品川,百草園,00:03,01:04,1時間1分
品川,的場,22:55,00:19,1時間24分
品川,皆野,21:14,23:32,2時間18分
品川,益子,19:38,22:11,2時間33分
品川,目白,00:38,01:06,28分
品川,目白山下,23:02,00:03,1時間1分
品川,目黒,00:38,00:46,8分
品川,相原,23:02,00:19,1時間17分
品川,相模原,23:46,00:57,1時間11分
品川,相模大塚,00:04,01:01,57分
品川,相模大野,00:10,01:19,1時間9分
品川,相模沼田,22:54,23:45,51分
品川,相模湖,23:15,00:41,1時間26分
品川,相模金子,22:18,23:48,1時間30分
品川,相武台下,22:52,00:21,1時間29分
品川,相武台前,23:48,01:06,1時間18分
品川,相老,21:04,23:37,2時間33分
品川,県,21:54,23:38,1時間44分
品川,県庁前,21:30,00:35,3時間5分
品川,県立大学,23:32,00:31,59分
品川,真岡,20:44,23:00,2時間16分
品川,真鶴,23:02,00:31,1時間29分
品川,矢倉,20:11,22:48,2時間37分
品川,矢切,00:04,01:11,1時間7分
品川,矢口渡,00:18,00:43,25分
品川,矢向,00:18,00:44,26分
品川,矢川,23:15,00:22,1時間7分
品川,矢板,21:21,23:17,1時間56分
品川,矢祭山,17:15,20:40,3時間25分
品川,矢部,23:46,00:54,1時間8分
品川,矢野口,23:43,00:33,50分
品川,石上,23:02,23:50,48分
品川,石下,22:06,23:52,1時間46分
品川,石原,21:42,23:04,1時間22分
品川,石和温泉,22:32,00:35,2時間3分
品川,石岡,22:55,00:36,1時間41分
品川,石川台,00:20,00:47,27分
品川,石川町,00:29,01:03,34分
品川,石打,21:14,00:22,3時間8分
品川,石橋,21:30,00:32,3時間2分
品川,石神井公園,00:03,00:54,51分
品川,石神前,22:32,00:15,1時間43分
品川,砂川七番,23:02,00:13,1時間11分
品川,研究学園,23:16,00:40,1時間24分
品川,磐城塙,17:15,20:58,3時間43分
品川,磐城石井,17:15,20:51,3時間36分
品川,磯原,21:15,23:51,2時間36分
品川,磯子,00:29,01:11,42分
品川,磯崎,21:15,23:32,2時間17分
品川,磯部,21:42,23:30,1時間48分
品川,社家,22:52,00:08,1時間16分
品川,祐天寺,00:20,00:53,33分
品川,祖師ヶ谷大蔵,00:10,01:02,52分
品川,祖母島,20:11,22:20,2時間9分
品川,祗園,16:37,00:13,7時間36分
品川,神保原,23:16,01:21,2時間5分
品川,神保町,23:56,00:21,25分
品川,神奈川,00:02,00:25,23分
品川,神奈川新町,00:23,00:41,18分
品川,神戸,21:30,00:27,2時間57分
品川,神楽坂,00:01,00:32,31分
品川,神武寺,00:02,00:48,46分
品川,神泉,00:38,01:16,38分
品川,神田,00:46,01:00,14分
品川,神立,22:55,00:27,1時間32分
品川,神谷,20:34,22:44,2時間10分
品川,神谷町,00:06,00:33,27分
品川,神農原,21:04,23:22,2時間18分
品川,福俵,21:39,23:14,1時間35分
品川,福原,21:15,23:04,1時間49分
品川,福居,21:54,23:41,1時間47分
品川,福浦,23:14,00:23,1時間9分
品川,福生,23:48,01:01,1時間13分
品川,禾生,21:30,23:20,1時間50分
品川,秋山,23:32,00:18,46分
品川,秋川,23:02,00:26,1時間24分
品川,秋津,00:03,01:09,1時間6分
品川,秋葉原,00:46,01:02,16分
品川,秦野,23:10,00:47,1時間37分
品川,秩父,21:14,23:42,2時間28分
品川,程久保,23:05,00:16,1時間11分
品川,稲城,00:03,00:57,54分
品川,稲城長沼,23:43,00:36,53分
品川,稲子,20:34,23:15,2時間41分
品川,稲戸井,23:00,00:21,1時間21分
品川,稲村ヶ崎,23:02,00:05,1時間3分
品川,稲梓,21:21,23:32,2時間11分
品川,稲毛,00:11,01:17,1時間6分
品川,稲毛海岸,00:04,01:15,1時間11分
品川,稲田,21:15,23:00,1時間45分
品川,稲田堤,00:03,01:00,57分
品川,稲荷山公園,23:29,00:52,1時間23分
品川,稲荷町,23:56,00:26,30分
品川,穴守稲荷,00:23,01:03,40分
品川,穴川,23:07,00:13,1時間6分
品川,穴部,22:54,23:40,46分
品川,空港第2ビル,00:46,02:47,2時間1分
品川,立会川,00:06,00:13,7分
品川,立場,00:04,00:46,42分
品川,立川,00:20,01:20,1時間0分
品川,立川北,00:20,01:26,1時間6分
品川,立川南,00:20,01:26,1時間6分
品川,立飛,23:02,00:10,1時間8分
品川,竜ヶ崎,22:15,23:27,1時間12分
品川,竜王,21:30,00:03,2時間33分
品川,竜舞,21:05,23:18,2時間13分
品川,竪堀,22:18,23:44,1時間26分
品川,競艇場前,23:20,00:24,1時間4分
品川,竹ノ塚,23:56,00:51,55分
品川,竹岡,21:55,23:44,1時間49分
品川,竹橋,00:01,00:26,25分
品川,竹沢,21:14,23:25,2時間11分
品川,竹芝,00:14,00:34,20分
品川,笠上黒生,18:33,21:00,2時間27分
品川,笠幡,22:55,00:22,1時間27分
品川,笠間,21:15,22:56,1時間41分
品川,笹原田,19:38,22:31,2時間53分
品川,笹塚,00:20,01:00,40分
品川,笹子,21:30,23:22,1時間52分
品川,笹川,21:28,23:50,2時間22分
品川,等々力,00:18,00:53,35分
品川,筑波山頂,20:47,00:06,3時間19分
品川,箱根ヶ崎,22:12,23:46,1時間34分
品川,箱根板橋,22:18,23:29,1時間11分
品川,箱根湯本,22:18,23:40,1時間22分
品川,築地,00:28,01:04,36分
品川,築地市場,00:26,00:46,20分
品川,篠塚,21:21,23:20,1時間59分
品川,篠崎,23:56,01:02,1時間6分
品川,籠原,23:16,00:59,1時間43分
品川,粕川,20:41,23:17,2時間36分
品川,糀谷,00:23,00:49,26分
品川,細谷,21:09,23:19,2時間10分
品川,経堂,00:20,01:09,49分
品川,結城,21:54,23:17,1時間23分
品川,綱島,00:18,01:04,46分
品川,網代,22:18,23:18,1時間0分
品川,綾瀬,00:04,01:07,1時間3分
品川,総元,17:33,20:26,2時間53分
品川,緑が丘,00:18,00:45,27分
品川,緑園都市,00:04,00:51,47分
品川,緑町,22:54,23:34,40分
品川,練馬,00:10,00:56,46分
品川,練馬春日町,00:14,01:08,54分
品川,練馬高野台,00:03,01:01,58分
品川,群馬八幡,21:42,23:19,1時間37分
品川,群馬原町,20:11,22:41,2時間30分
品川,群馬大津,19:06,21:57,2時間51分
品川,群馬総社,21:14,23:21,2時間7分
品川,群馬藤岡,21:04,22:51,1時間47分
品川,羽村,23:48,01:03,1時間15分
品川,羽根尾,19:06,22:00,2時間54分
品川,羽生,22:39,00:19,1時間40分
品川,羽田空港国内線ターミナル,00:04,00:28,24分
品川,羽田空港国際線ターミナル,00:04,00:25,21分
品川,羽田空港国際線ビル,23:47,00:17,30分
品川,羽田空港第1ビル,23:47,00:21,34分
品川,羽田空港第2ビル,23:47,00:23,36分
品川,羽貫,23:00,00:27,1時間27分
品川,羽鳥,22:55,00:41,1時間46分
品川,羽黒,21:30,00:09,2時間39分
品川,習志野,23:32,00:39,1時間7分
品川,聖蹟桜ヶ丘,00:03,00:59,56分
品川,能見台,00:04,00:48,44分
品川,腰越,22:43,23:52,1時間9分
品川,膳,20:41,23:15,2時間34分
品川,自治医大,23:10,01:08,1時間58分
品川,自由が丘,00:20,00:59,39分
品川,興津,22:18,23:53,1時間35分
品川,舎人,00:04,00:56,52分
品川,舎人公園,00:04,00:54,50分
品川,舞岡,00:04,00:52,48分
品川,舞浜,00:04,00:51,47分
品川,航空公園,00:10,01:25,1時間15分
品川,船の科学館,00:14,00:46,32分
品川,船堀,00:26,01:30,1時間4分
品川,船橋,00:26,01:15,49分
品川,船橋日大前,23:53,00:54,1時間1分
品川,船橋法典,23:32,00:33,1時間1分
品川,船橋競馬場,23:53,00:44,51分
品川,芝公園,00:06,00:31,25分
品川,芝山千代田,21:47,23:19,1時間32分
品川,芝川,20:34,23:07,2時間33分
品川,芝浦ふ頭,00:14,00:37,23分
品川,芦ヶ久保,21:52,23:50,1時間58分
品川,芦川,20:31,23:43,3時間12分
品川,芦花公園,00:03,00:50,47分
品川,花小金井,00:20,01:33,1時間13分
品川,花崎,22:39,00:07,1時間28分
品川,花月園前,00:02,00:22,20分
品川,花輪,18:39,22:01,3時間22分
品川,若松河田,23:56,00:38,42分
品川,若林,00:10,00:55,45分
品川,若葉,23:24,00:39,1時間15分
品川,若葉台,00:03,01:00,57分
品川,茂原,22:45,00:24,1時間39分
品川,茂木,19:38,22:38,3時間0分
品川,茂林寺前,22:39,00:26,1時間47分
品川,茅ヶ崎,00:04,00:54,50分
品川,茅場町,00:01,00:24,23分
品川,茗荷谷,00:06,00:34,28分
品川,草加,23:56,00:56,1時間0分
品川,荏原中延,00:20,00:41,21分
品川,荏原町,00:20,00:48,28分
品川,荒川一中前,22:34,23:14,40分
品川,荒川七丁目,22:34,23:18,44分
品川,荒川二丁目,22:34,23:17,43分
品川,荒川区役所前,22:34,23:15,41分
品川,荒川沖,23:16,00:40,1時間24分
品川,荒川車庫前,22:46,23:27,41分
品川,荒川遊園地前,22:35,23:29,54分
品川,荒野台,19:54,22:50,2時間56分
品川,荻窪,00:38,01:14,36分
品川,菅野,23:43,00:30,47分
品川,菊名,00:10,01:00,50分
品川,菊川,23:53,00:19,26分
品川,萩山,23:28,00:30,1時間2分
品川,落合,00:03,00:41,38分
品川,落合南長崎,00:14,00:58,44分
品川,葛生,21:54,00:02,2時間8分
品川,葛西,00:01,00:38,37分
品川,葛西臨海公園,00:04,00:48,44分
品川,葭川公園,22:56,23:59,1時間3分
品川,葭池温泉前,21:30,23:49,2時間19分
品川,蒔田,23:48,00:31,43分
品川,蒲原,22:18,23:45,1時間27分
品川,蒲生,23:56,01:02,1時間6分
品川,蒲田,01:01,01:10,9分
品川,蒲須坂,21:21,23:07,1時間46分
品川,蓮台寺,21:21,23:36,2時間15分
品川,蓮根,00:28,01:39,1時間11分
品川,蓮沼,00:18,00:42,24分
品川,蓮田,23:10,00:17,1時間7分
品川,蔵前,00:14,00:54,40分
品川,蕨,00:11,01:01,50分
品川,薬園台,23:32,00:40,1時間8分
品川,藤が丘,00:10,01:09,59分
品川,藤の牛島,23:07,00:26,1時間19分
品川,藤代,23:16,00:26,1時間10分
品川,藤岡,22:32,00:04,1時間32分
品川,藤沢,00:04,00:46,42分
品川,藤沢本町,23:48,00:38,50分
品川,藤野,23:15,00:46,1時間31分
品川,藪塚,21:09,23:25,2時間16分
品川,蘇我,00:04,01:23,1時間19分
品川,虎ノ門,00:26,00:53,27分
品川,螢田,23:10,01:08,1時間58分
品川,行川アイランド,21:36,23:43,2時間7分
品川,行徳,00:01,00:44,43分
品川,行田,23:16,00:48,1時間32分
品川,行田市,22:02,23:26,1時間24分
品川,衣笠,23:40,00:46,1時間6分
品川,表参道,00:06,00:34,28分
品川,袋倉,19:06,22:04,2時間58分
品川,袋田,20:45,23:36,2時間51分
品川,袖ヶ浦,23:07,00:40,1時間33分
品川,裾野,22:18,23:33,1時間15分
品川,西ヶ原,23:53,00:32,39分
品川,西ヶ原四丁目,22:37,23:21,44分
品川,西八王子,00:20,01:33,1時間13分
品川,西千葉,00:11,01:19,1時間8分
品川,西取手,23:00,00:21,1時間21分
品川,西台,00:28,01:38,1時間10分
品川,西吉井,21:42,23:40,1時間58分
品川,西吾野,21:52,23:40,1時間48分
品川,西国分寺,00:20,01:14,54分
品川,西国立,23:15,00:24,1時間9分
品川,西大井,23:59,00:03,4分
品川,西大原,18:33,21:10,2時間37分
品川,西大宮,23:28,00:45,1時間17分
品川,西大家,22:25,23:58,1時間33分
品川,西大島,23:53,00:22,29分
品川,西太子堂,00:10,00:53,43分
品川,西富士宮,22:18,23:59,1時間41分
品川,西富岡,21:04,23:14,2時間10分
品川,西小山,00:20,00:48,28分
品川,西小泉,21:21,23:28,2時間7分
品川,西山名,21:42,23:31,1時間49分
品川,西川口,00:11,00:59,48分
品川,西川田,21:32,23:44,2時間12分
品川,西川越,22:55,00:16,1時間21分
品川,西巣鴨,23:56,00:36,40分
品川,西府,23:15,00:18,1時間3分
品川,西所沢,00:03,01:17,1時間14分
品川,西新井,23:56,00:48,52分
品川,西新井大師西,00:04,00:51,47分
品川,西新宿,23:56,00:32,36分
品川,西新宿五丁目,00:14,00:50,36分
品川,西日暮里,00:28,00:54,26分
品川,西早稲田,23:53,00:31,38分
品川,西松井田,21:42,23:38,1時間56分
品川,西桐生,22:13,01:49,3時間36分
品川,西横浜,00:04,00:45,41分
品川,西武園,22:32,23:34,1時間2分
品川,西武新宿,00:38,01:16,38分
品川,西武柳沢,00:10,01:06,56分
品川,西武球場前,22:32,23:48,1時間16分
品川,西武秩父,21:52,23:58,2時間6分
品川,西武立川,23:28,00:46,1時間18分
品川,西武遊園地,23:15,00:27,1時間12分
品川,西永福,00:20,00:59,39分
品川,西浦和,23:46,00:51,1時間5分
品川,西海鹿島,18:33,21:02,2時間29分
品川,西田井,19:38,22:04,2時間26分
品川,西畑,17:33,20:31,2時間58分
品川,西登戸,23:07,00:14,1時間7分
品川,西白井,23:32,00:29,57分
品川,西立川,23:48,00:47,59分
品川,西羽生,21:21,23:14,1時間53分
品川,西船橋,00:26,01:12,46分
品川,西荻窪,00:38,01:16,38分
品川,西葛西,00:01,00:36,35分
品川,西調布,00:03,00:53,50分
品川,西谷,00:04,00:54,50分
品川,西那須野,21:21,23:27,2時間6分
品川,西金,20:45,23:27,2時間42分
品川,西鎌倉,23:02,23:59,57分
品川,西馬込,00:38,01:14,36分
品川,西高島平,00:28,02:00,1時間32分
品川,要町,23:43,00:25,42分
品川,見沼代親水公園,00:04,00:58,54分
品川,親鼻,21:14,23:29,2時間15分
品川,観音,21:01,23:56,2時間55分
品川,誉田,23:07,00:17,1時間10分
品川,読売ランド前,00:10,01:06,56分
品川,調布,00:38,02:03,1時間25分
品川,護国寺,00:00,00:36,36分
品川,谷保,23:15,00:20,1時間5分
品川,谷在家,00:04,00:52,48分
品川,谷塚,23:56,00:54,58分
品川,谷峨,21:51,23:22,1時間31分
品川,谷村町,21:30,23:28,1時間58分
品川,谷河原,20:45,22:59,2時間14分
品川,谷津,23:53,00:46,53分
品川,豊四季,23:35,00:40,1時間5分
品川,豊島園,23:15,00:09,54分
品川,豊春,23:00,00:27,1時間27分
品川,豊洲,00:14,01:21,1時間7分
品川,豊田,00:20,01:26,1時間6分
品川,豪徳寺,00:20,01:07,47分
品川,赤土小学校前,00:04,00:41,37分
品川,赤坂,00:06,00:38,32分
品川,赤坂見附,00:06,00:28,22分
品川,赤城,21:04,23:41,2時間37分
品川,赤塚,23:29,01:42,2時間13分
品川,赤羽,00:28,01:05,37分
品川,赤羽岩淵,00:28,01:20,52分
品川,赤羽橋,00:26,00:44,18分
品川,越中島,00:04,00:39,35分
品川,越後中里,19:10,21:24,2時間14分
品川,越後湯沢,22:02,23:55,1時間53分
品川,越生,22:25,00:10,1時間45分
品川,越谷,23:56,01:06,1時間10分
品川,越谷レイクタウン,23:16,00:31,1時間15分
品川,足利,21:54,23:51,1時間57分
品川,足利市,21:54,23:46,1時間52分
品川,足尾,18:39,22:41,4時間2分
品川,足柄,22:54,23:38,44分
品川,足滝,19:10,22:15,3時間5分
品川,足立小台,00:04,00:44,40分
品川,踊場,00:04,00:43,39分
品川,軍畑,22:32,00:19,1時間47分
品川,軽井沢,21:42,23:22,1時間40分
品川,辰巳,00:04,00:35,31分
品川,辻堂,00:04,00:50,46分
品川,追浜,00:02,00:44,42分
品川,逆井,23:16,00:30,1時間14分
品川,逗子,00:04,00:54,50分
品川,通洞,18:39,22:39,4時間0分
品川,逸見,23:32,00:27,55分
品川,遊園地西,21:07,22:30,1時間23分
品川,運動公園,17:42,22:51,5時間9分
品川,運河,23:35,00:51,1時間16分
品川,那古船形,21:55,00:09,2時間14分
品川,那珂湊,21:45,00:05,2時間20分
品川,那須塩原,22:21,23:53,1時間32分
品川,郷原,20:11,22:45,2時間34分
品川,都庁前,00:26,01:00,34分
品川,都留市,21:30,23:25,1時間55分
品川,都留文科大学前,21:30,23:31,2時間1分
品川,都立大学,00:20,00:57,37分
品川,都立家政,00:10,01:01,51分
品川,都筑ふれあいの丘,23:59,00:56,57分
品川,都賀,23:07,00:11,1時間4分
品川,都電雑司ヶ谷,22:09,22:53,44分
品川,酒々井,23:07,00:29,1時間22分
品川,酒折,21:30,23:55,2時間25分
品川,里見,19:50,21:55,2時間5分
品川,野上,21:14,23:21,2時間7分
品川,野上原,20:45,23:12,2時間27分
品川,野島公園,23:14,00:13,59分
品川,野崎,21:30,00:58,3時間28分
品川,野州大塚,21:32,23:25,1時間53分
品川,野州山辺,21:54,23:49,1時間55分
品川,野州平川,21:32,23:22,1時間50分
品川,野方,00:10,00:59,49分
品川,野木,23:10,00:47,1時間37分
品川,野田市,23:35,00:57,1時間22分
品川,金上,21:45,23:55,2時間10分
品川,金子,22:12,23:51,1時間39分
品川,金島,18:42,00:02,5時間20分
品川,金手,20:31,23:13,2時間42分
品川,金沢八景,00:02,00:42,40分
品川,金沢文庫,00:23,01:00,37分
品川,金町,00:04,01:13,1時間9分
品川,鈴木町,23:46,00:07,21分
品川,鉄道博物館,23:00,00:07,1時間7分
品川,鉢形,21:56,23:56,2時間0分
品川,銀座,00:28,00:56,28分
品川,銀座一丁目,00:04,00:26,22分
品川,銚子,22:24,01:32,3時間8分
品川,錦糸町,00:26,00:52,26分
品川,鎌ヶ谷,00:11,01:45,1時間34分
品川,鎌ヶ谷大仏,00:11,02:09,1時間58分
品川,鎌倉,00:04,00:49,45分
品川,鎌倉高校前,22:43,23:50,1時間7分
品川,鎌取,23:07,00:13,1時間6分
品川,鐘ヶ淵,23:53,00:32,39分
品川,長原,00:20,00:45,25分
品川,長後,23:48,00:47,59分
品川,長沼,23:56,01:00,1時間4分
品川,長泉なめり,22:18,23:29,1時間11分
品川,長津田,00:10,01:16,1時間6分
品川,長浦,23:07,00:36,1時間29分
品川,長瀞,21:14,23:24,2時間10分
品川,長者ヶ浜潮騒はまなす公園前,19:54,22:47,2時間53分
品川,長者町,22:28,00:26,1時間58分
品川,長谷,23:02,00:00,58分
品川,長野原草津口,20:11,23:05,2時間54分
品川,門前仲町,00:26,00:52,26分
品川,門沢橋,22:52,00:06,1時間14分
品川,開成,23:10,01:02,1時間52分
品川,間々田,23:10,00:51,1時間41分
品川,間藤,17:27,21:21,3時間54分
品川,関内,00:29,01:02,33分
品川,阪東橋,23:48,00:28,40分
品川,阿佐ヶ谷,00:38,01:12,34分
品川,阿夫利神社,20:42,23:53,3時間11分
品川,阿字ヶ浦,21:15,23:34,2時間19分
品川,阿左美,21:05,23:29,2時間24分
品川,雀宮,23:10,01:17,2時間7分
品川,雑司が谷,23:53,00:34,41分
品川,雑色,00:06,00:23,17分
品川,雪が谷大塚,00:20,00:49,29分
品川,霞ヶ関,00:06,00:25,19分
品川,青井,23:47,00:31,44分
品川,青堀,21:55,23:24,1時間29分
品川,青山一丁目,00:26,00:51,25分
品川,青梅,23:48,01:14,1時間26分
品川,青梅街道,23:28,00:46,1時間18分
品川,青海,00:14,00:50,36分
品川,青物横丁,00:23,00:25,2分
品川,青砥,00:01,00:36,35分
品川,青葉台,00:10,01:11,1時間1分
品川,静,21:45,23:43,1時間58分
品川,静和,22:32,00:11,1時間39分
品川,面影橋,22:09,22:58,49分
品川,韮山,22:18,23:38,1時間20分
品川,韮川,21:54,23:52,1時間58分
品川,須津,20:34,22:42,2時間8分
品川,額田,20:47,00:17,3時間30分
品川,風祭,22:18,23:33,1時間15分
品川,飛田給,00:03,00:54,51分
品川,飛鳥山,22:37,23:24,47分
品川,飯倉,21:38,23:33,1時間55分
品川,飯山満,23:53,00:49,56分
品川,飯岡,21:38,23:50,2時間12分
品川,飯田岡,22:54,23:43,49分
品川,飯田橋,00:14,00:46,32分
品川,飯給,18:20,20:33,2時間13分
品川,飯能,23:28,01:04,1時間36分
品川,養老渓谷,18:20,20:46,2時間26分
品川,館山,22:46,01:22,2時間36分
品川,館林,22:39,00:29,1時間50分
品川,香取,21:28,23:35,2時間7分
品川,香川,22:52,23:53,1時間1分
品川,馬喰横山,00:01,00:23,22分
品川,馬喰町,00:01,00:27,26分
品川,馬堀海岸,23:46,00:43,57分
品川,馬庭,21:42,23:34,1時間52分
品川,馬来田,21:10,23:03,1時間53分
品川,馬橋,23:56,01:00,1時間4分
品川,馬立,21:36,23:20,1時間44分
品川,馬車道,00:10,00:54,44分
品川,馬込,00:38,01:12,34分
品川,馬込沢,23:29,00:21,52分
品川,駒場東大前,00:20,00:47,27分
品川,駒形,21:42,23:37,1時間55分
品川,駒沢大学,00:20,00:49,29分
品川,駒込,00:26,00:59,33分
品川,駿河小山,21:51,23:28,1時間37分
品川,騰波ノ江,20:54,23:00,2時間6分
品川,高久,21:00,23:05,2時間5分
品川,高井戸,00:20,01:03,43分
品川,高円寺,00:38,01:10,32分
品川,高坂,23:24,00:47,1時間23分
品川,高尾,00:20,01:37,1時間17分
品川,高尾山,15:34,17:21,1時間47分
品川,高尾山口,23:39,00:56,1時間17分
品川,高島平,00:28,01:50,1時間22分
品川,高島町,23:48,00:21,33分
品川,高崎,23:16,01:37,2時間21分
品川,高崎商科大学前,21:42,23:25,1時間43分
品川,高崎問屋町,22:40,00:59,2時間19分
品川,高幡不動,00:03,01:02,59分
品川,高座渋谷,23:48,00:50,1時間2分
品川,高松,20:37,01:21,4時間44分
品川,高柳,23:16,00:33,1時間17分
品川,高根公団,23:32,00:44,1時間12分
品川,高根木戸,23:32,00:43,1時間11分
品川,高津,00:20,01:00,40分
品川,高浜,22:55,00:32,1時間37分
品川,高滝,19:50,21:52,2時間2分
品川,高田,19:47,23:12,3時間25分
品川,高田の鉄橋,21:45,00:03,2時間18分
品川,高田馬場,00:38,01:04,26分
品川,高萩,21:45,23:49,2時間4分
品川,高輪台,00:11,00:30,19分
品川,高野,16:17,21:01,4時間44分
品川,高麗,22:22,23:51,1時間29分
品川,高麗川,22:55,00:30,1時間35分
品川,鬼子母神前,23:53,00:39,46分
品川,鬼怒川公園,19:32,22:16,2時間44分
品川,鬼怒川温泉,20:32,23:04,2時間32分
品川,鬼越,23:43,00:33,50分
品川,鮫洲,00:06,00:11,5分
品川,鰭ヶ崎,23:00,00:24,1時間24分
品川,鳥沢,23:15,01:02,1時間47分
品川,鳥浜,23:23,00:20,57分
品川,鳩ノ巣,22:32,00:36,2時間4分
品川,鳩ヶ谷,23:40,00:37,57分
品川,鴨宮,00:04,01:17,1時間13分
品川,鴨居,00:10,01:15,1時間5分
品川,鴻巣,23:16,00:37,1時間21分
品川,鴻野山,21:21,23:13,1時間52分
品川,鵜の木,00:18,00:48,30分
品川,鵜原,21:36,23:35,1時間59分
品川,鵠沼,23:02,23:54,52分
品川,鵠沼海岸,00:04,00:56,52分
品川,鶯谷,00:28,00:50,22分
品川,鶴ヶ峰,00:04,00:57,53分
品川,鶴ヶ島,23:24,00:36,1時間12分
品川,鶴川,00:10,01:10,1時間0分
品川,鶴巻温泉,23:10,00:40,1時間30分
品川,鶴瀬,00:03,01:11,1時間8分
品川,鶴田,21:21,22:53,1時間32分
品川,鶴見,00:42,01:00,18分
品川,鶴見小野,22:52,23:18,26分
品川,鶴見市場,00:02,00:19,17分
品川,鶴間,23:48,00:42,54分
品川,鷲宮,22:39,00:04,1時間25分
品川,鷹の台,23:20,00:26,1時間6分
品川,鷺ノ宮,00:20,01:06,46分
品川,鷺沼,00:20,01:10,50分
品川,鹿島大野,19:54,22:44,2時間50分
品川,鹿島旭,20:45,23:00,2時間15分
品川,鹿島灘,19:54,22:40,2時間46分
品川,鹿島田,00:18,00:46,28分
品川,鹿島神宮,23:18,01:55,2時間37分
品川,鹿沼,21:21,23:01,1時間40分
品川,麹町,00:00,00:27,27分
品川,麻布十番,00:26,00:46,20分
品川,黄金町,00:04,00:32,28分
品川,黒子,20:54,23:04,2時間10分
品川,黒川,00:10,01:11,1時間1分
品川,黒磯,21:54,23:39,1時間45分
品川,龍王峡,17:35,20:32,2時間57分
品川,ＹＲＰ野比,23:32,00:34,1時間2分
